specialty_code;profile;institution_name;education_form;funding;category;plan_places;current_places;fraction
Sp 01.03.02;Прикладная математика и информатика;УУНиТ;Очная;Бюджетная основа;Общая;26;13;0.5
Sp 01.03.02;Прикладная математика и информатика;УУНиТ;Очная;Бюджетная основа;Особая;3;1;0.3333333333333333
Sp 01.03.02;Прикладная математика и информатика;УУНиТ;Очная;Бюджетная основа;Отдельная;3;0;0.0
Sp 01.03.02;Прикладная математика и информатика;УУНиТ;Очная;Бюджетная основа;Целевая;3;0;0.0
Sp 01.03.02;Прикладное программирование и анализ данных;УУНиТ;Очная;Бюджетная основа;Общая;27;12;0.4444444444444444
Sp 01.03.02;Прикладное программирование и анализ данных;УУНиТ;Очная;Бюджетная основа;Особая;3;0;0.0
Sp 01.03.02;Прикладное программирование и анализ данных;УУНиТ;Очная;Бюджетная основа;Отдельная;3;1;0.3333333333333333
Sp 01.03.02;Прикладное программирование и анализ данных;УУНиТ;Очная;Бюджетная основа;Целевая;3;0;0.0
Sp 01.03.02;Мобильные, облачные и интеллектуальные технологии;УУНиТ;Очная;Бюджетная основа;Общая;27;4;0.14814814814814814
Sp 01.03.02;Мобильные, облачные и интеллектуальные технологии;УУНиТ;Очная;Бюджетная основа;Особая;3;0;0.0
Sp 01.03.02;Мобильные, облачные и интеллектуальные технологии;УУНиТ;Очная;Бюджетная основа;Отдельная;3;0;0.0
Sp 01.03.02;Мобильные, облачные и интеллектуальные технологии;УУНиТ;Очная;Бюджетная основа;Целевая;3;0;0.0
Sp 01.03.02;Математическое моделирование и искусственный интеллект;УУНиТ;Очная;Бюджетная основа;Общая;28;9;0.32142857142857145
Sp 01.03.02;Математическое моделирование и искусственный интеллект;УУНиТ;Очная;Бюджетная основа;Особая;3;0;0.0
Sp 01.03.02;Математическое моделирование и искусственный интеллект;УУНиТ;Очная;Бюджетная основа;Отдельная;3;0;0.0
Sp 01.03.02;Математическое моделирование и искусственный интеллект;УУНиТ;Очная;Бюджетная основа;Целевая;3;0;0.0
Sp 01.03.02;Прикладная математика и информатика (Сибай);Филиал в г. Сибай;Очная;Бюджетная основа;Общая;17;8;0.47058823529411764
Sp 01.03.02;Прикладная математика и информатика (Сибай);Филиал в г. Сибай;Очная;Бюджетная основа;Особая;2;1;0.5
Sp 01.03.02;Прикладная математика и информатика (Сибай);Филиал в г. Сибай;Очная;Бюджетная основа;Отдельная;2;0;0.0
Sp 01.03.02;Прикладная математика и информатика (Сибай);Филиал в г. Сибай;Очная;Бюджетная основа;Целевая;1;0;0.0
Sp 01.03.02;Прикладная математика и информатика (Сибай);Филиал в г. Сибай;Очно-заочная;Бюджетная основа;Общая;12;12;1.0
Sp 01.03.02;Прикладная математика и информатика (Сибай);Филиал в г. Сибай;Очно-заочная;Бюджетная основа;Особая;2;0;0.0
Sp 01.03.02;Прикладная математика и информатика (Сибай);Филиал в г. Сибай;Очно-заочная;Бюджетная основа;Отдельная;2;0;0.0
Sp 01.03.02;Прикладная математика и информатика (Сибай);Филиал в г. Сибай;Очно-заочная;Бюджетная основа;Целевая;1;0;0.0
Sp 01.03.02;Прикладная математика и информатика (Стерлитамак);Филиал в г. Стерлитамак;Очная;Бюджетная основа;Общая;25;16;0.64
Sp 01.03.02;Прикладная математика и информатика (Стерлитамак);Филиал в г. Стерлитамак;Очная;Бюджетная основа;Особая;3;0;0.0
Sp 01.03.02;Прикладная математика и информатика (Стерлитамак);Филиал в г. Стерлитамак;Очная;Бюджетная основа;Отдельная;3;0;0.0
Sp 01.03.02;Прикладная математика и информатика (Стерлитамак);Филиал в г. Стерлитамак;Очная;Бюджетная основа;Целевая;2;0;0.0
Sp 01.03.04;Прикладная математика;УУНиТ;Очная;Бюджетная основа;Общая;22;1;0.045454545454545456
Sp 01.03.04;Прикладная математика;УУНиТ;Очная;Бюджетная основа;Особая;3;0;0.0
Sp 01.03.04;Прикладная математика;УУНиТ;Очная;Бюджетная основа;Отдельная;3;0;0.0
Sp 01.03.04;Прикладная математика;УУНиТ;Очная;Бюджетная основа;Целевая;3;0;0.0
Sp 01.03.05;Статистика;УУНиТ;Очная;Бюджетная основа;Общая;20;13;0.65
Sp 01.03.05;Статистика;УУНиТ;Очная;Бюджетная основа;Особая;2;0;0.0
Sp 01.03.05;Статистика;УУНиТ;Очная;Бюджетная основа;Отдельная;2;0;0.0
Sp 01.03.05;Статистика;УУНиТ;Очная;Бюджетная основа;Целевая;2;0;0.0
Sp 01.04.01;Математика;УУНиТ;Очная;Бюджетная основа;Общая;12;2;0.16666666666666666
Sp 01.04.01;Математика;УУНиТ;Очная;Бюджетная основа;Целевая;1;0;0.0
Sp 01.04.02;Прикладная математика и информатика;УУНиТ;Очная;Бюджетная основа;Общая;15;6;0.4
Sp 01.04.02;Прикладная математика и информатика;УУНиТ;Очная;Бюджетная основа;Целевая;1;0;0.0
Sp 01.04.02;Искусственный интеллект в кибербезопасности;УУНиТ;Очная;Бюджетная основа;Общая;11;7;0.6363636363636364
Sp 01.04.02;Математическое моделирование, численные методы и комплексы программ;УУНиТ;Очная;Бюджетная основа;Общая;11;0;0.0
Sp 01.04.02;Прикладная математика и информатика (Стерлитамак);Филиал в г. Стерлитамак;Очная;Бюджетная основа;Общая;15;15;1.0
Sp 01.04.02;Искусственный интеллект в кибербезопасности;УУНиТ;Очная;Бюджетная основа;Целевая;1;0;0.0
Sp 01.04.02;Математическое моделирование, численные методы и комплексы программ;УУНиТ;Очная;Бюджетная основа;Целевая;1;0;0.0
Sp 01.04.02;Прикладная математика и информатика (Стерлитамак);Филиал в г. Стерлитамак;Очная;Бюджетная основа;Целевая;2;0;0.0
Sp 02.03.01;Анализ данных и компьютерное моделирование;УУНиТ;Очная;Бюджетная основа;Общая;30;4;0.13333333333333333
Sp 02.03.01;Анализ данных и компьютерное моделирование;УУНиТ;Очная;Бюджетная основа;Особая;3;1;0.3333333333333333
Sp 02.03.01;Анализ данных и компьютерное моделирование;УУНиТ;Очная;Бюджетная основа;Отдельная;3;0;0.0
Sp 02.03.01;Анализ данных и компьютерное моделирование;УУНиТ;Очная;Бюджетная основа;Целевая;5;0;0.0
Sp 02.03.01;Математическое и компьютерное моделирование;УУНиТ;Очная;Бюджетная основа;Общая;22;2;0.09090909090909091
Sp 02.03.01;Математическое и компьютерное моделирование;УУНиТ;Очная;Бюджетная основа;Особая;3;0;0.0
Sp 02.03.01;Математическое и компьютерное моделирование;УУНиТ;Очная;Бюджетная основа;Отдельная;3;0;0.0
Sp 02.03.01;Математическое и компьютерное моделирование;УУНиТ;Очная;Бюджетная основа;Целевая;3;0;0.0
Sp 02.03.03;Искусственный интеллект;УУНиТ;Очная;Бюджетная основа;Общая;45;8;0.17777777777777778
Sp 02.03.03;Искусственный интеллект;УУНиТ;Очная;Бюджетная основа;Особая;5;0;0.0
Sp 02.03.03;Искусственный интеллект;УУНиТ;Очная;Бюджетная основа;Отдельная;5;0;0.0
Sp 02.03.03;Искусственный интеллект;УУНиТ;Очная;Бюджетная основа;Целевая;9;0;0.0
Sp 02.03.03;Технологии программирования;УУНиТ;Очная;Бюджетная основа;Общая;28;14;0.5
Sp 02.03.03;Технологии программирования;УУНиТ;Очная;Бюджетная основа;Особая;3;0;0.0
Sp 02.03.03;Технологии программирования;УУНиТ;Очная;Бюджетная основа;Отдельная;3;0;0.0
Sp 02.03.03;Технологии программирования;УУНиТ;Очная;Бюджетная основа;Целевая;6;0;0.0
Sp 02.03.03;Математическое обеспечение и администрирование информационных систем (Стерлитамак);Филиал в г. Стерлитамак;Очная;Бюджетная основа;Общая;18;11;0.6111111111111112
Sp 02.03.03;Математическое обеспечение и администрирование информационных систем (Стерлитамак);Филиал в г. Стерлитамак;Очная;Бюджетная основа;Особая;2;0;0.0
Sp 02.03.03;Математическое обеспечение и администрирование информационных систем (Стерлитамак);Филиал в г. Стерлитамак;Очная;Бюджетная основа;Отдельная;2;0;0.0
Sp 02.03.03;Математическое обеспечение и администрирование информационных систем (Стерлитамак);Филиал в г. Стерлитамак;Очная;Бюджетная основа;Целевая;3;2;0.6666666666666666
Sp 02.04.01;Математика и компьютерные науки;УУНиТ;Очная;Бюджетная основа;Общая;9;3;0.3333333333333333
Sp 02.04.01;Математика и компьютерные науки;УУНиТ;Очная;Бюджетная основа;Целевая;1;0;0.0
Sp 02.04.03;Математическое обеспечение и администрирование информационных систем;УУНиТ;Очная;Бюджетная основа;Общая;9;2;0.2222222222222222
Sp 02.04.03;Математическое обеспечение и администрирование информационных систем;УУНиТ;Очная;Бюджетная основа;Целевая;1;0;0.0
Sp 03.03.01;Прикладные математика и физика;УУНиТ;Очная;Бюджетная основа;Общая;25;3;0.12
Sp 03.03.01;Прикладные математика и физика;УУНиТ;Очная;Бюджетная основа;Особая;3;0;0.0
Sp 03.03.01;Прикладные математика и физика;УУНиТ;Очная;Бюджетная основа;Отдельная;3;0;0.0
Sp 03.03.01;Прикладные математика и физика;УУНиТ;Очная;Бюджетная основа;Целевая;3;2;0.6666666666666666
Sp 03.03.02;Физика;УУНиТ;Очная;Бюджетная основа;Общая;40;6;0.15
Sp 03.03.02;Физика;УУНиТ;Очная;Бюджетная основа;Особая;4;0;0.0
Sp 03.03.02;Физика;УУНиТ;Очная;Бюджетная основа;Отдельная;4;0;0.0
Sp 03.03.02;Физика;УУНиТ;Очная;Бюджетная основа;Целевая;2;0;0.0
Sp 03.03.02;Физика (Стерлитамак);Филиал в г. Стерлитамак;Очная;Бюджетная основа;Общая;25;9;0.36
Sp 03.03.02;Физика (Стерлитамак);Филиал в г. Стерлитамак;Очная;Бюджетная основа;Особая;3;1;0.3333333333333333
Sp 03.03.02;Физика (Стерлитамак);Филиал в г. Стерлитамак;Очная;Бюджетная основа;Отдельная;3;0;0.0
Sp 03.03.02;Физика (Стерлитамак);Филиал в г. Стерлитамак;Очная;Бюджетная основа;Целевая;1;0;0.0
Sp 03.03.03;Радиофизика;УУНиТ;Очная;Бюджетная основа;Общая;20;1;0.05
Sp 03.03.03;Радиофизика;УУНиТ;Очная;Бюджетная основа;Особая;2;0;0.0
Sp 03.03.03;Радиофизика;УУНиТ;Очная;Бюджетная основа;Отдельная;2;0;0.0
Sp 03.03.03;Радиофизика;УУНиТ;Очная;Бюджетная основа;Целевая;2;0;0.0
Sp 03.04.01;Прикладная математика и физика;УУНиТ;Очная;Бюджетная основа;Общая;8;0;0.0
Sp 03.04.01;Прикладная математика и физика;УУНиТ;Очная;Бюджетная основа;Целевая;1;0;0.0
Sp 03.04.02;Медицинская физика (Стерлитамак);Филиал в г. Стерлитамак;Очная;Бюджетная основа;Общая;13;10;0.7692307692307693
Sp 03.04.02;Медицинская физика (Стерлитамак);Филиал в г. Стерлитамак;Очная;Бюджетная основа;Целевая;1;0;0.0
Sp 03.04.02;Цифровые технологии в физике функциональных материалов;УУНиТ;Очная;Бюджетная основа;Общая;10;3;0.3
Sp 03.04.02;Цифровые технологии в физике функциональных материалов;УУНиТ;Очная;Бюджетная основа;Целевая;1;0;0.0
Sp 03.04.03;Радиофизика;УУНиТ;Очная;Бюджетная основа;Общая;8;2;0.25
Sp 03.04.03;Радиофизика;УУНиТ;Очная;Бюджетная основа;Целевая;1;0;0.0
Sp 04.03.01;Химия;УУНиТ;Очная;Бюджетная основа;Общая;50;7;0.14
Sp 04.03.01;Химия;УУНиТ;Очная;Бюджетная основа;Особая;5;0;0.0
Sp 04.03.01;Химия;УУНиТ;Очная;Бюджетная основа;Отдельная;5;1;0.2
Sp 04.03.01;Химия;УУНиТ;Очная;Бюджетная основа;Целевая;5;1;0.2
Sp 04.03.01;Химия (Бирск);Филиал в г. Бирск;Очная;Бюджетная основа;Общая;18;15;0.8333333333333334
Sp 04.03.01;Химия (Бирск);Филиал в г. Бирск;Очная;Бюджетная основа;Особая;2;0;0.0
Sp 04.03.01;Химия (Бирск);Филиал в г. Бирск;Очная;Бюджетная основа;Отдельная;2;0;0.0
Sp 04.03.01;Химия (Бирск);Филиал в г. Бирск;Очная;Бюджетная основа;Целевая;2;1;0.5
Sp 04.03.01;Химия (Стерлитамак);Филиал в г. Стерлитамак;Очная;Бюджетная основа;Общая;25;8;0.32
Sp 04.03.01;Химия (Стерлитамак);Филиал в г. Стерлитамак;Очная;Бюджетная основа;Особая;3;1;0.3333333333333333
Sp 04.03.01;Химия (Стерлитамак);Филиал в г. Стерлитамак;Очная;Бюджетная основа;Отдельная;3;0;0.0
Sp 04.03.01;Химия (Стерлитамак);Филиал в г. Стерлитамак;Очная;Бюджетная основа;Целевая;2;1;0.5
Sp 04.03.02;Химия, физика и механика материалов;УУНиТ;Очная;Бюджетная основа;Общая;25;1;0.04
Sp 04.03.02;Химия, физика и механика материалов;УУНиТ;Очная;Бюджетная основа;Особая;3;0;0.0
Sp 04.03.02;Химия, физика и механика материалов;УУНиТ;Очная;Бюджетная основа;Отдельная;3;0;0.0
Sp 04.03.02;Химия, физика и механика материалов;УУНиТ;Очная;Бюджетная основа;Целевая;3;0;0.0
Sp 04.04.01;Химия;УУНиТ;Очно-заочная;Бюджетная основа;Общая;27;12;0.4444444444444444
Sp 04.04.01;Химия (Стерлитамак);Филиал в г. Стерлитамак;Очная;Бюджетная основа;Общая;13;9;0.6923076923076923
Sp 04.04.01;Химия (Стерлитамак);Филиал в г. Стерлитамак;Очная;Бюджетная основа;Целевая;1;1;1.0
Sp 04.04.01;Химия;УУНиТ;Очная;Бюджетная основа;Целевая;3;0;0.0
Sp 04.04.02;Химия, физика и механика материалов;УУНиТ;Очная;Бюджетная основа;Общая;15;11;0.7333333333333333
Sp 04.04.02;Химия, физика и механика материалов;УУНиТ;Очная;Бюджетная основа;Целевая;2;0;0.0
Sp 04.05.01;Фундаментальная и прикладная химия;УУНиТ;Очная;Бюджетная основа;Общая;48;10;0.20833333333333334
Sp 04.05.01;Фундаментальная и прикладная химия;УУНиТ;Очная;Бюджетная основа;Особая;5;0;0.0
Sp 04.05.01;Фундаментальная и прикладная химия;УУНиТ;Очная;Бюджетная основа;Отдельная;5;0;0.0
Sp 04.05.01;Фундаментальная и прикладная химия;УУНиТ;Очная;Бюджетная основа;Целевая;5;1;0.2
Sp 05.03.01;Геология;УУНиТ;Очная;Бюджетная основа;Общая;21;3;0.14285714285714285
Sp 05.03.01;Геология;УУНиТ;Очная;Бюджетная основа;Особая;3;0;0.0
Sp 05.03.01;Геология;УУНиТ;Очная;Бюджетная основа;Отдельная;3;0;0.0
Sp 05.03.01;Геология;УУНиТ;Очная;Бюджетная основа;Целевая;2;0;0.0
Sp 05.03.02;География;УУНиТ;Очная;Бюджетная основа;Общая;21;7;0.3333333333333333
Sp 05.03.02;География;УУНиТ;Очная;Бюджетная основа;Особая;3;0;0.0
Sp 05.03.02;География;УУНиТ;Очная;Бюджетная основа;Отдельная;3;0;0.0
Sp 05.03.02;География;УУНиТ;Очная;Бюджетная основа;Целевая;1;0;0.0
Sp 05.03.03;Картография и геоинформатика;УУНиТ;Очная;Бюджетная основа;Общая;21;20;0.9523809523809523
Sp 05.03.03;Картография и геоинформатика;УУНиТ;Очная;Бюджетная основа;Особая;3;0;0.0
Sp 05.03.03;Картография и геоинформатика;УУНиТ;Очная;Бюджетная основа;Отдельная;3;0;0.0
Sp 05.03.03;Картография и геоинформатика;УУНиТ;Очная;Бюджетная основа;Целевая;2;0;0.0
Sp 05.03.04;Гидрометеорология;УУНиТ;Очная;Бюджетная основа;Общая;21;3;0.14285714285714285
Sp 05.03.04;Гидрометеорология;УУНиТ;Очная;Бюджетная основа;Особая;3;0;0.0
Sp 05.03.04;Гидрометеорология;УУНиТ;Очная;Бюджетная основа;Отдельная;3;0;0.0
Sp 05.03.04;Гидрометеорология;УУНиТ;Очная;Бюджетная основа;Целевая;2;0;0.0
Sp 05.03.06;Природопользование;УУНиТ;Очная;Бюджетная основа;Общая;18;3;0.16666666666666666
Sp 05.03.06;Природопользование;УУНиТ;Очная;Бюджетная основа;Особая;2;0;0.0
Sp 05.03.06;Природопользование;УУНиТ;Очная;Бюджетная основа;Отдельная;2;0;0.0
Sp 05.03.06;Природопользование;УУНиТ;Очная;Бюджетная основа;Целевая;2;0;0.0
Sp 05.03.06;Природопользование;УУНиТ;Очно-заочная;Бюджетная основа;Общая;16;0;0.0
Sp 05.03.06;Природопользование;УУНиТ;Очно-заочная;Бюджетная основа;Особая;2;0;0.0
Sp 05.03.06;Природопользование;УУНиТ;Очно-заочная;Бюджетная основа;Отдельная;2;0;0.0
Sp 05.03.06;Природопользование;УУНиТ;Очно-заочная;Бюджетная основа;Целевая;1;0;0.0
Sp 05.04.01;Инженерная геология и гидрогеология;УУНиТ;Очная;Бюджетная основа;Общая;10;7;0.7
Sp 05.04.01;Цифровые технологии в петрофизике;УУНиТ;Очная;Бюджетная основа;Общая;10;5;0.5
Sp 05.04.01;Инженерная геология и гидрогеология;УУНиТ;Очная;Бюджетная основа;Целевая;1;0;0.0
Sp 05.04.01;Цифровые технологии в петрофизике;УУНиТ;Очная;Бюджетная основа;Целевая;1;0;0.0
Sp 05.04.02;Пространственное развитие территорий: реализация и управление;УУНиТ;Очная;Бюджетная основа;Общая;11;10;0.9090909090909091
Sp 05.04.02;Геоурбанистика: управление городскими системами;УУНиТ;Заочная;Бюджетная основа;Общая;10;2;0.2
Sp 05.04.02;Организация географической экспертизы проектов;УУНиТ;Заочная;Бюджетная основа;Общая;10;4;0.4
Sp 05.04.02;Геоурбанистика: управление городскими системами;УУНиТ;Заочная;Бюджетная основа;Целевая;1;0;0.0
Sp 05.04.02;Организация географической экспертизы проектов;УУНиТ;Заочная;Бюджетная основа;Целевая;1;0;0.0
Sp 05.04.02;Пространственное развитие территорий: реализация и управление;УУНиТ;Очная;Бюджетная основа;Целевая;1;0;0.0
Sp 05.04.03;Картография и геоинформатика;УУНиТ;Очная;Бюджетная основа;Общая;11;10;0.9090909090909091
Sp 05.04.03;Картография и геоинформатика;УУНиТ;Очная;Бюджетная основа;Целевая;1;0;0.0
Sp 05.04.04;Гидрометеорология;УУНиТ;Очная;Бюджетная основа;Общая;11;6;0.5454545454545454
Sp 05.04.04;Гидрометеорология;УУНиТ;Очная;Бюджетная основа;Целевая;1;1;1.0
Sp 05.04.06;Экологический инжиниринг и аудит;УУНиТ;Очная;Бюджетная основа;Общая;10;9;0.9
Sp 05.04.06;Зеленая химия для устойчивого развития;УУНиТ;Очная;Бюджетная основа;Общая;5;1;0.2
Sp 05.04.06;Биоэкология и инновационные технологии в селекции и растениеводстве;УУНиТ;Очная;Бюджетная основа;Общая;10;7;0.7
Sp 05.04.06;Общая экология;УУНиТ;Очно-заочная;Бюджетная основа;Общая;15;2;0.13333333333333333
Sp 05.04.06;Биоэкология и инновационные технологии в селекции и растениеводстве;УУНиТ;Очная;Бюджетная основа;Целевая;1;0;0.0
Sp 05.04.06;Общая экология;УУНиТ;Очно-заочная;Бюджетная основа;Целевая;2;0;0.0
Sp 05.04.06;Экологический инжиниринг и аудит;УУНиТ;Очная;Бюджетная основа;Целевая;1;0;0.0
Sp 06.03.01;Биология;УУНиТ;Очная;Бюджетная основа;Общая;50;17;0.34
Sp 06.03.01;Биология;УУНиТ;Очная;Бюджетная основа;Особая;5;0;0.0
Sp 06.03.01;Биология;УУНиТ;Очная;Бюджетная основа;Отдельная;5;0;0.0
Sp 06.03.01;Биология;УУНиТ;Очная;Бюджетная основа;Целевая;3;0;0.0
Sp 06.03.01;Биология;УУНиТ;Очно-заочная;Бюджетная основа;Общая;20;7;0.35
Sp 06.03.01;Биология;УУНиТ;Очно-заочная;Бюджетная основа;Особая;2;0;0.0
Sp 06.03.01;Биология;УУНиТ;Очно-заочная;Бюджетная основа;Отдельная;2;0;0.0
Sp 06.03.01;Биология;УУНиТ;Очно-заочная;Бюджетная основа;Целевая;1;0;0.0
Sp 06.03.01;Биология (Сибай);Филиал в г. Сибай;Очная;Бюджетная основа;Общая;25;16;0.64
Sp 06.03.01;Биология (Сибай);Филиал в г. Сибай;Очная;Бюджетная основа;Особая;3;1;0.3333333333333333
Sp 06.03.01;Биология (Сибай);Филиал в г. Сибай;Очная;Бюджетная основа;Отдельная;3;0;0.0
Sp 06.03.01;Биология (Сибай);Филиал в г. Сибай;Очная;Бюджетная основа;Целевая;1;0;0.0
Sp 06.03.01;Биология (Сибай);Филиал в г. Сибай;Очно-заочная;Бюджетная основа;Общая;15;15;1.0
Sp 06.03.01;Биология (Сибай);Филиал в г. Сибай;Очно-заочная;Бюджетная основа;Особая;2;0;0.0
Sp 06.03.01;Биология (Сибай);Филиал в г. Сибай;Очно-заочная;Бюджетная основа;Отдельная;2;0;0.0
Sp 06.03.01;Биология (Сибай);Филиал в г. Сибай;Очно-заочная;Бюджетная основа;Целевая;1;0;0.0
Sp 06.03.01;Биология (Стерлитамак);Филиал в г. Стерлитамак;Очная;Бюджетная основа;Общая;25;8;0.32
Sp 06.03.01;Биология (Стерлитамак);Филиал в г. Стерлитамак;Очная;Бюджетная основа;Особая;3;0;0.0
Sp 06.03.01;Биология (Стерлитамак);Филиал в г. Стерлитамак;Очная;Бюджетная основа;Отдельная;3;0;0.0
Sp 06.03.01;Биология (Стерлитамак);Филиал в г. Стерлитамак;Очная;Бюджетная основа;Целевая;1;1;1.0
Sp 06.04.01;Биология;УУНиТ;Очная;Бюджетная основа;Общая;19;14;0.7368421052631579
Sp 06.04.01;Биология;УУНиТ;Очно-заочная;Бюджетная основа;Общая;10;10;1.0
Sp 06.04.01;Биология (Стерлитамак);Филиал в г. Стерлитамак;Очная;Бюджетная основа;Общая;15;9;0.6
Sp 06.04.01;Биология (Стерлитамак);Филиал в г. Стерлитамак;Очно-заочная;Бюджетная основа;Общая;11;4;0.36363636363636365
Sp 06.04.01;Биология (Стерлитамак);Филиал в г. Стерлитамак;Очная;Бюджетная основа;Целевая;2;1;0.5
Sp 06.04.01;Биология (Стерлитамак);Филиал в г. Стерлитамак;Очно-заочная;Бюджетная основа;Целевая;1;0;0.0
Sp 06.04.01;Биология;УУНиТ;Очная;Бюджетная основа;Целевая;2;0;0.0
Sp 06.04.01;Биология;УУНиТ;Очно-заочная;Бюджетная основа;Целевая;1;0;0.0
Sp 09.03.01;Информатика и вычислительная техника;УУНиТ;Очная;Бюджетная основа;Общая;75;29;0.38666666666666666
Sp 09.03.01;Информатика и вычислительная техника;УУНиТ;Очная;Бюджетная основа;Особая;8;0;0.0
Sp 09.03.01;Информатика и вычислительная техника;УУНиТ;Очная;Бюджетная основа;Отдельная;8;1;0.125
Sp 09.03.01;Информатика и вычислительная техника;УУНиТ;Очная;Бюджетная основа;Целевая;10;1;0.1
Sp 09.03.02;Информационные системы и технологии;УУНиТ;Очная;Бюджетная основа;Общая;60;16;0.26666666666666666
Sp 09.03.02;Информационные системы и технологии;УУНиТ;Очная;Бюджетная основа;Особая;6;1;0.16666666666666666
Sp 09.03.02;Информационные системы и технологии;УУНиТ;Очная;Бюджетная основа;Отдельная;6;0;0.0
Sp 09.03.02;Информационные системы и технологии;УУНиТ;Очная;Бюджетная основа;Целевая;9;0;0.0
Sp 09.03.03;Информационные и цифровые технологии в корпоративных системах;УУНиТ;Очная;Бюджетная основа;Общая;65;25;0.38461538461538464
Sp 09.03.03;Информационные и цифровые технологии в корпоративных системах;УУНиТ;Очная;Бюджетная основа;Особая;7;0;0.0
Sp 09.03.03;Информационные и цифровые технологии в корпоративных системах;УУНиТ;Очная;Бюджетная основа;Отдельная;7;0;0.0
Sp 09.03.03;Информационные и цифровые технологии в корпоративных системах;УУНиТ;Очная;Бюджетная основа;Целевая;7;2;0.2857142857142857
Sp 09.03.03;Информационные и вычислительные технологии;УУНиТ;Очная;Бюджетная основа;Общая;30;20;0.6666666666666666
Sp 09.03.03;Информационные и вычислительные технологии;УУНиТ;Очная;Бюджетная основа;Особая;3;0;0.0
Sp 09.03.03;Информационные и вычислительные технологии;УУНиТ;Очная;Бюджетная основа;Отдельная;3;0;0.0
Sp 09.03.03;Информационные и вычислительные технологии;УУНиТ;Очная;Бюджетная основа;Целевая;3;0;0.0
Sp 09.03.03;Информационные и вычислительные технологии;УУНиТ;Заочная;Бюджетная основа;Общая;25;25;1.0
Sp 09.03.03;Информационные и вычислительные технологии;УУНиТ;Заочная;Бюджетная основа;Особая;3;0;0.0
Sp 09.03.03;Информационные и вычислительные технологии;УУНиТ;Заочная;Бюджетная основа;Отдельная;3;0;0.0
Sp 09.03.03;Информационные и вычислительные технологии;УУНиТ;Заочная;Бюджетная основа;Целевая;2;0;0.0
Sp 09.03.03;Прикладная информатика (Кумертау);Филиал в г. Кумертау;Очная;Бюджетная основа;Общая;15;6;0.4
Sp 09.03.03;Прикладная информатика (Кумертау);Филиал в г. Кумертау;Очная;Бюджетная основа;Особая;2;1;0.5
Sp 09.03.03;Прикладная информатика (Кумертау);Филиал в г. Кумертау;Очная;Бюджетная основа;Отдельная;2;0;0.0
Sp 09.03.03;Прикладная информатика (Кумертау);Филиал в г. Кумертау;Очная;Бюджетная основа;Целевая;2;0;0.0
Sp 09.03.03;Прикладная информатика (Стерлитамак);Филиал в г. Стерлитамак;Очная;Бюджетная основа;Особая;2;2;1.0
Sp 09.03.03;Прикладная информатика (Стерлитамак);Филиал в г. Стерлитамак;Очная;Бюджетная основа;Целевая;2;1;0.5
Sp 09.03.03;Прикладная информатика (Стерлитамак);Филиал в г. Стерлитамак;Очная;Бюджетная основа;Отдельная;2;0;0.0
Sp 09.03.03;Прикладная информатика (Стерлитамак);Филиал в г. Стерлитамак;Очная;Бюджетная основа;Общая;20;20;1.0
Sp 09.03.04;Программная инженерия;УУНиТ;Очная;Бюджетная основа;Общая;75;57;0.76
Sp 09.03.04;Программная инженерия;УУНиТ;Очная;Бюджетная основа;Особая;8;2;0.25
Sp 09.03.04;Программная инженерия;УУНиТ;Очная;Бюджетная основа;Отдельная;8;0;0.0
Sp 09.03.04;Программная инженерия;УУНиТ;Очная;Бюджетная основа;Целевая;8;1;0.125
Sp 09.04.01;Информатика и вычислительная техника;УУНиТ;Очная;Бюджетная основа;Общая;23;20;0.8695652173913043
Sp 09.04.01;Информатика и вычислительная техника;УУНиТ;Очная;Бюджетная основа;Целевая;2;0;0.0
Sp 09.04.02;Информационные системы и технологии;УУНиТ;Очная;Бюджетная основа;Общая;10;10;1.0
Sp 09.04.02;Информационные системы и технологии;УУНиТ;Очная;Бюджетная основа;Целевая;2;0;0.0
Sp 09.04.03;Реинжиниринг бизнес-процессов;УУНиТ;Очная;Бюджетная основа;Общая;10;8;0.8
Sp 09.04.03;Интеллектуальное управление и компьютерное моделирование;УУНиТ;Очная;Бюджетная основа;Общая;15;2;0.13333333333333333
Sp 09.04.03;Интеллектуальное управление и компьютерное моделирование;УУНиТ;Очная;Бюджетная основа;Целевая;2;0;0.0
Sp 09.04.03;Реинжиниринг бизнес-процессов;УУНиТ;Очная;Бюджетная основа;Целевая;2;0;0.0
Sp 09.04.04;Программная инженерия;УУНиТ;Очная;Бюджетная основа;Общая;10;10;1.0
Sp 09.04.04;Программная инженерия;УУНиТ;Очная;Бюджетная основа;Целевая;1;0;0.0
Sp 09.05.01;Применение и эксплуатация автоматизированных систем специального назначения;УУНиТ;Очная;Бюджетная основа;Общая;20;3;0.15
Sp 09.05.01;Применение и эксплуатация автоматизированных систем специального назначения;УУНиТ;Очная;Бюджетная основа;Особая;2;0;0.0
Sp 09.05.01;Применение и эксплуатация автоматизированных систем специального назначения;УУНиТ;Очная;Бюджетная основа;Отдельная;2;0;0.0
Sp 09.05.01;Применение и эксплуатация автоматизированных систем специального назначения;УУНиТ;Очная;Бюджетная основа;Целевая;10;0;0.0
Sp 10.03.01;Безопасность автоматизированных систем (по отрасли или в сфере профессиональной деятельности);УУНиТ;Очная;Бюджетная основа;Общая;60;36;0.6
Sp 10.03.01;Безопасность автоматизированных систем (по отрасли или в сфере профессиональной деятельности);УУНиТ;Очная;Бюджетная основа;Особая;6;4;0.6666666666666666
Sp 10.03.01;Безопасность автоматизированных систем (по отрасли или в сфере профессиональной деятельности);УУНиТ;Очная;Бюджетная основа;Отдельная;6;0;0.0
Sp 10.03.01;Безопасность автоматизированных систем (по отрасли или в сфере профессиональной деятельности);УУНиТ;Очная;Бюджетная основа;Целевая;17;5;0.29411764705882354
Sp 10.03.01;Организация и технологии защиты информации (в системе государственного и муниципального управления);УУНиТ;Очная;Бюджетная основа;Общая;30;7;0.23333333333333334
Sp 10.03.01;Организация и технологии защиты информации (в системе государственного и муниципального управления);УУНиТ;Очная;Бюджетная основа;Особая;3;0;0.0
Sp 10.03.01;Организация и технологии защиты информации (в системе государственного и муниципального управления);УУНиТ;Очная;Бюджетная основа;Отдельная;3;0;0.0
Sp 10.03.01;Организация и технологии защиты информации (в системе государственного и муниципального управления);УУНиТ;Очная;Бюджетная основа;Целевая;9;2;0.2222222222222222
Sp 10.03.01;Информационная безопасность (Нефтекамск);Филиал в г. Нефтекамск;Очная;Бюджетная основа;Общая;25;19;0.76
Sp 10.03.01;Информационная безопасность (Нефтекамск);Филиал в г. Нефтекамск;Очная;Бюджетная основа;Особая;3;1;0.3333333333333333
Sp 10.03.01;Информационная безопасность (Нефтекамск);Филиал в г. Нефтекамск;Очная;Бюджетная основа;Отдельная;3;0;0.0
Sp 10.03.01;Информационная безопасность (Нефтекамск);Филиал в г. Нефтекамск;Очная;Бюджетная основа;Целевая;8;1;0.125
Sp 10.04.01;Информационная безопасность;УУНиТ;Очная;Бюджетная основа;Общая;12;6;0.5
Sp 10.04.01;Информационная безопасность;УУНиТ;Очная;Бюджетная основа;Целевая;2;0;0.0
Sp 10.05.05;Организация и технологии защиты информации для предприятий ОПК;УУНиТ;Очная;Бюджетная основа;Общая;25;7;0.28
Sp 10.05.05;Организация и технологии защиты информации для предприятий ОПК;УУНиТ;Очная;Бюджетная основа;Особая;3;0;0.0
Sp 10.05.05;Организация и технологии защиты информации для предприятий ОПК;УУНиТ;Очная;Бюджетная основа;Отдельная;3;2;0.6666666666666666
Sp 10.05.05;Организация и технологии защиты информации для предприятий ОПК;УУНиТ;Очная;Бюджетная основа;Целевая;2;0;0.0
Sp 10.05.05;Организация и технологии защиты информации (в сфере государственного управления);УУНиТ;Очная;Бюджетная основа;Общая;27;7;0.25925925925925924
Sp 10.05.05;Организация и технологии защиты информации (в сфере государственного управления);УУНиТ;Очная;Бюджетная основа;Особая;3;0;0.0
Sp 10.05.05;Организация и технологии защиты информации (в сфере государственного управления);УУНиТ;Очная;Бюджетная основа;Отдельная;3;0;0.0
Sp 10.05.05;Организация и технологии защиты информации (в сфере государственного управления);УУНиТ;Очная;Бюджетная основа;Целевая;3;0;0.0
Sp 11.03.02;Цифровизация, автоматизация и связь;УУНиТ;Очная;Бюджетная основа;Общая;25;4;0.16
Sp 11.03.02;Цифровизация, автоматизация и связь;УУНиТ;Очная;Бюджетная основа;Особая;3;1;0.3333333333333333
Sp 11.03.02;Цифровизация, автоматизация и связь;УУНиТ;Очная;Бюджетная основа;Отдельная;3;0;0.0
Sp 11.03.02;Цифровизация, автоматизация и связь;УУНиТ;Очная;Бюджетная основа;Целевая;2;1;0.5
Sp 11.03.02;Оптические системы и сети связи;УУНиТ;Очная;Бюджетная основа;Общая;25;3;0.12
Sp 11.03.02;Оптические системы и сети связи;УУНиТ;Очная;Бюджетная основа;Особая;3;1;0.3333333333333333
Sp 11.03.02;Оптические системы и сети связи;УУНиТ;Очная;Бюджетная основа;Отдельная;3;0;0.0
Sp 11.03.02;Оптические системы и сети связи;УУНиТ;Очная;Бюджетная основа;Целевая;3;0;0.0
Sp 11.03.02;Оптические системы и сети связи;УУНиТ;Заочная;Бюджетная основа;Общая;20;12;0.6
Sp 11.03.02;Оптические системы и сети связи;УУНиТ;Заочная;Бюджетная основа;Особая;2;0;0.0
Sp 11.03.02;Оптические системы и сети связи;УУНиТ;Заочная;Бюджетная основа;Отдельная;2;1;0.5
Sp 11.03.02;Оптические системы и сети связи;УУНиТ;Заочная;Бюджетная основа;Целевая;1;0;0.0
Sp 11.03.04;Промышленная электроника;УУНиТ;Очная;Бюджетная основа;Общая;25;2;0.08
Sp 11.03.04;Промышленная электроника;УУНиТ;Очная;Бюджетная основа;Особая;3;0;0.0
Sp 11.03.04;Промышленная электроника;УУНиТ;Очная;Бюджетная основа;Отдельная;3;0;0.0
Sp 11.03.04;Промышленная электроника;УУНиТ;Очная;Бюджетная основа;Целевая;3;0;0.0
Sp 11.03.04;Электронные приборы и автоматизированные системы;УУНиТ;Очная;Бюджетная основа;Общая;25;6;0.24
Sp 11.03.04;Электронные приборы и автоматизированные системы;УУНиТ;Очная;Бюджетная основа;Особая;3;0;0.0
Sp 11.03.04;Электронные приборы и автоматизированные системы;УУНиТ;Очная;Бюджетная основа;Отдельная;3;0;0.0
Sp 11.03.04;Электронные приборы и автоматизированные системы;УУНиТ;Очная;Бюджетная основа;Целевая;2;1;0.5
Sp 11.04.02;Инфокоммуникационные технологии и системы связи;УУНиТ;Очная;Бюджетная основа;Общая;14;4;0.2857142857142857
Sp 11.04.02;Инфокоммуникационные технологии и системы связи;УУНиТ;Очная;Бюджетная основа;Целевая;3;0;0.0
Sp 11.04.04;Электроника и наноэлектроника;УУНиТ;Очная;Бюджетная основа;Общая;12;2;0.16666666666666666
Sp 11.04.04;Электроника и наноэлектроника;УУНиТ;Очная;Бюджетная основа;Целевая;2;0;0.0
Sp 11.05.04;Инфокоммуникационные технологии и системы специальной связи;УУНиТ;Очная;Бюджетная основа;Общая;40;2;0.05
Sp 11.05.04;Инфокоммуникационные технологии и системы специальной связи;УУНиТ;Очная;Бюджетная основа;Особая;4;0;0.0
Sp 11.05.04;Инфокоммуникационные технологии и системы специальной связи;УУНиТ;Очная;Бюджетная основа;Отдельная;4;0;0.0
Sp 11.05.04;Инфокоммуникационные технологии и системы специальной связи;УУНиТ;Очная;Бюджетная основа;Целевая;20;0;0.0
Sp 12.03.01;Приборостроение;УУНиТ;Очная;Бюджетная основа;Общая;24;3;0.125
Sp 12.03.01;Приборостроение;УУНиТ;Очная;Бюджетная основа;Особая;3;0;0.0
Sp 12.03.01;Приборостроение;УУНиТ;Очная;Бюджетная основа;Отдельная;3;0;0.0
Sp 12.03.01;Приборостроение;УУНиТ;Очная;Бюджетная основа;Целевая;5;1;0.2
Sp 12.03.04;Биотехнические системы и технологии;УУНиТ;Очная;Бюджетная основа;Общая;26;4;0.15384615384615385
Sp 12.03.04;Биотехнические системы и технологии;УУНиТ;Очная;Бюджетная основа;Особая;3;0;0.0
Sp 12.03.04;Биотехнические системы и технологии;УУНиТ;Очная;Бюджетная основа;Отдельная;3;0;0.0
Sp 12.03.04;Биотехнические системы и технологии;УУНиТ;Очная;Бюджетная основа;Целевая;1;0;0.0
Sp 12.04.01;Приборостроение;УУНиТ;Очная;Бюджетная основа;Общая;13;12;0.9230769230769231
Sp 12.04.01;Приборостроение;УУНиТ;Очная;Бюджетная основа;Целевая;1;0;0.0
Sp 12.04.04;Биотехнические системы и технологии;УУНиТ;Очная;Бюджетная основа;Общая;15;7;0.4666666666666667
Sp 12.04.04;Биотехнические системы и технологии;УУНиТ;Очная;Бюджетная основа;Целевая;2;0;0.0
Sp 13.03.01;Теплоэнергетика и теплотехника;УУНиТ;Очная;Бюджетная основа;Общая;25;3;0.12
Sp 13.03.01;Теплоэнергетика и теплотехника;УУНиТ;Очная;Бюджетная основа;Особая;3;0;0.0
Sp 13.03.01;Теплоэнергетика и теплотехника;УУНиТ;Очная;Бюджетная основа;Отдельная;3;0;0.0
Sp 13.03.01;Теплоэнергетика и теплотехника;УУНиТ;Очная;Бюджетная основа;Целевая;5;0;0.0
Sp 13.03.02;Электроэнергетика и электротехника;УУНиТ;Очная;Бюджетная основа;Общая;50;11;0.22
Sp 13.03.02;Электроэнергетика и электротехника;УУНиТ;Очная;Бюджетная основа;Особая;5;0;0.0
Sp 13.03.02;Электроэнергетика и электротехника;УУНиТ;Очная;Бюджетная основа;Отдельная;5;0;0.0
Sp 13.03.02;Электроэнергетика и электротехника;УУНиТ;Очная;Бюджетная основа;Целевая;10;0;0.0
Sp 13.03.03;Энергетическое машиностроение;УУНиТ;Очная;Бюджетная основа;Общая;60;12;0.2
Sp 13.03.03;Энергетическое машиностроение;УУНиТ;Очная;Бюджетная основа;Особая;6;0;0.0
Sp 13.03.03;Энергетическое машиностроение;УУНиТ;Очная;Бюджетная основа;Отдельная;6;0;0.0
Sp 13.03.03;Энергетическое машиностроение;УУНиТ;Очная;Бюджетная основа;Целевая;9;0;0.0
Sp 13.04.01;Теплоэнергетика и теплотехника;УУНиТ;Очная;Бюджетная основа;Общая;8;3;0.375
Sp 13.04.01;Теплоэнергетика и теплотехника;УУНиТ;Очная;Бюджетная основа;Целевая;1;0;0.0
Sp 13.04.02;Технология электродвижения;УУНиТ;Очная;Бюджетная основа;Общая;20;12;0.6
Sp 13.04.02;Технология электродвижения;УУНиТ;Очная;Бюджетная основа;Целевая;4;0;0.0
Sp 13.04.03;Энергетическое машиностроение;УУНиТ;Очная;Бюджетная основа;Общая;16;10;0.625
Sp 13.04.03;Энергетическое машиностроение;УУНиТ;Очная;Бюджетная основа;Целевая;2;0;0.0
Sp 13.05.02;Специальные электромеханические системы;УУНиТ;Очная;Бюджетная основа;Общая;40;4;0.1
Sp 13.05.02;Специальные электромеханические системы;УУНиТ;Очная;Бюджетная основа;Особая;4;0;0.0
Sp 13.05.02;Специальные электромеханические системы;УУНиТ;Очная;Бюджетная основа;Отдельная;4;0;0.0
Sp 13.05.02;Специальные электромеханические системы;УУНиТ;Очная;Бюджетная основа;Целевая;20;3;0.15
Sp 15.03.01;Машиностроение;УУНиТ;Очная;Бюджетная основа;Общая;60;10;0.16666666666666666
Sp 15.03.01;Машиностроение;УУНиТ;Очная;Бюджетная основа;Особая;6;0;0.0
Sp 15.03.01;Машиностроение;УУНиТ;Очная;Бюджетная основа;Отдельная;6;0;0.0
Sp 15.03.01;Машиностроение;УУНиТ;Очная;Бюджетная основа;Целевая;12;0;0.0
Sp 15.03.02;Мехатронные станочные системы в цифровом производстве;УУНиТ;Очная;Бюджетная основа;Общая;20;3;0.15
Sp 15.03.02;Мехатронные станочные системы в цифровом производстве;УУНиТ;Очная;Бюджетная основа;Особая;2;0;0.0
Sp 15.03.02;Мехатронные станочные системы в цифровом производстве;УУНиТ;Очная;Бюджетная основа;Отдельная;2;0;0.0
Sp 15.03.02;Мехатронные станочные системы в цифровом производстве;УУНиТ;Очная;Бюджетная основа;Целевая;2;1;0.5
Sp 15.03.02;Инжиниринг технологического оборудования;УУНиТ;Очно-заочная;Бюджетная основа;Общая;25;3;0.12
Sp 15.03.02;Инжиниринг технологического оборудования;УУНиТ;Очно-заочная;Бюджетная основа;Особая;3;0;0.0
Sp 15.03.02;Инжиниринг технологического оборудования;УУНиТ;Очно-заочная;Бюджетная основа;Отдельная;3;0;0.0
Sp 15.03.02;Инжиниринг технологического оборудования;УУНиТ;Очно-заочная;Бюджетная основа;Целевая;2;1;0.5
Sp 15.03.02;Инжиниринг технологического оборудования;УУНиТ;Заочная;Бюджетная основа;Общая;25;24;0.96
Sp 15.03.02;Инжиниринг технологического оборудования;УУНиТ;Заочная;Бюджетная основа;Особая;3;2;0.6666666666666666
Sp 15.03.02;Инжиниринг технологического оборудования;УУНиТ;Заочная;Бюджетная основа;Отдельная;3;2;0.6666666666666666
Sp 15.03.02;Инжиниринг технологического оборудования;УУНиТ;Заочная;Бюджетная основа;Целевая;3;3;1.0
Sp 15.03.03;Прикладная механика;УУНиТ;Очная;Бюджетная основа;Общая;20;4;0.2
Sp 15.03.03;Прикладная механика;УУНиТ;Очная;Бюджетная основа;Особая;2;0;0.0
Sp 15.03.03;Прикладная механика;УУНиТ;Очная;Бюджетная основа;Отдельная;2;0;0.0
Sp 15.03.03;Прикладная механика;УУНиТ;Очная;Бюджетная основа;Целевая;2;0;0.0
Sp 15.03.04;Автоматизация технологических процессов и производств;УУНиТ;Очная;Бюджетная основа;Общая;45;12;0.26666666666666666
Sp 15.03.04;Автоматизация технологических процессов и производств;УУНиТ;Очная;Бюджетная основа;Особая;5;1;0.2
Sp 15.03.04;Автоматизация технологических процессов и производств;УУНиТ;Очная;Бюджетная основа;Отдельная;5;0;0.0
Sp 15.03.04;Автоматизация технологических процессов и производств;УУНиТ;Очная;Бюджетная основа;Целевая;7;3;0.42857142857142855
Sp 15.03.04;Автоматизация технологических процессов и производств (Ишимбай);Филиал в г. Ишимбае;Очная;Бюджетная основа;Общая;15;4;0.26666666666666666
Sp 15.03.04;Автоматизация технологических процессов и производств (Ишимбай);Филиал в г. Ишимбае;Очная;Бюджетная основа;Особая;2;0;0.0
Sp 15.03.04;Автоматизация технологических процессов и производств (Ишимбай);Филиал в г. Ишимбае;Очная;Бюджетная основа;Отдельная;2;0;0.0
Sp 15.03.04;Автоматизация технологических процессов и производств (Ишимбай);Филиал в г. Ишимбае;Очная;Бюджетная основа;Целевая;2;0;0.0
Sp 15.03.04;Автоматизация технологических процессов и производств (Кумертау);Филиал в г. Кумертау;Очная;Бюджетная основа;Общая;15;15;1.0
Sp 15.03.04;Автоматизация технологических процессов и производств (Кумертау);Филиал в г. Кумертау;Очная;Бюджетная основа;Особая;2;0;0.0
Sp 15.03.04;Автоматизация технологических процессов и производств (Кумертау);Филиал в г. Кумертау;Очная;Бюджетная основа;Отдельная;2;0;0.0
Sp 15.03.04;Автоматизация технологических процессов и производств (Кумертау);Филиал в г. Кумертау;Очная;Бюджетная основа;Целевая;2;0;0.0
Sp 15.03.05;Конструкторско-технологическое обеспечение машиностроительных производств;УУНиТ;Очная;Бюджетная основа;Общая;30;8;0.26666666666666666
Sp 15.03.05;Конструкторско-технологическое обеспечение машиностроительных производств;УУНиТ;Очная;Бюджетная основа;Особая;3;0;0.0
Sp 15.03.05;Конструкторско-технологическое обеспечение машиностроительных производств;УУНиТ;Очная;Бюджетная основа;Отдельная;3;0;0.0
Sp 15.03.05;Конструкторско-технологическое обеспечение машиностроительных производств;УУНиТ;Очная;Бюджетная основа;Целевая;9;2;0.2222222222222222
Sp 15.03.05;Конструкторско-технологическое обеспечение машиностроительных производств;УУНиТ;Заочная;Бюджетная основа;Общая;15;10;0.6666666666666666
Sp 15.03.05;Конструкторско-технологическое обеспечение машиностроительных производств;УУНиТ;Заочная;Бюджетная основа;Особая;2;0;0.0
Sp 15.03.05;Конструкторско-технологическое обеспечение машиностроительных производств;УУНиТ;Заочная;Бюджетная основа;Отдельная;2;0;0.0
Sp 15.03.05;Конструкторско-технологическое обеспечение машиностроительных производств;УУНиТ;Заочная;Бюджетная основа;Целевая;5;2;0.4
Sp 15.03.05;Конструкторско-технологическое обеспечение машиностроительных производств (ВФ при УМПО);УУНиТ;Очно-заочная;Бюджетная основа;Общая;25;18;0.72
Sp 15.03.05;Конструкторско-технологическое обеспечение машиностроительных производств (ВФ при УМПО);УУНиТ;Очно-заочная;Бюджетная основа;Особая;3;0;0.0
Sp 15.03.05;Конструкторско-технологическое обеспечение машиностроительных производств (ВФ при УМПО);УУНиТ;Очно-заочная;Бюджетная основа;Отдельная;3;0;0.0
Sp 15.03.05;Конструкторско-технологическое обеспечение машиностроительных производств (ВФ при УМПО);УУНиТ;Очно-заочная;Бюджетная основа;Целевая;8;4;0.5
Sp 15.03.05;Конструкторско-технологическое обеспечение машиностроительных производств (Кумертау);Филиал в г. Кумертау;Очно-заочная;Бюджетная основа;Общая;20;13;0.65
Sp 15.03.05;Конструкторско-технологическое обеспечение машиностроительных производств (Кумертау);Филиал в г. Кумертау;Очно-заочная;Бюджетная основа;Особая;2;0;0.0
Sp 15.03.05;Конструкторско-технологическое обеспечение машиностроительных производств (Кумертау);Филиал в г. Кумертау;Очно-заочная;Бюджетная основа;Отдельная;2;0;0.0
Sp 15.03.05;Конструкторско-технологическое обеспечение машиностроительных производств (Кумертау);Филиал в г. Кумертау;Очно-заочная;Бюджетная основа;Целевая;6;0;0.0
Sp 15.03.06;Мехатроника и робототехника;УУНиТ;Очная;Бюджетная основа;Общая;25;6;0.24
Sp 15.03.06;Мехатроника и робототехника;УУНиТ;Очная;Бюджетная основа;Особая;3;0;0.0
Sp 15.03.06;Мехатроника и робототехника;УУНиТ;Очная;Бюджетная основа;Отдельная;3;1;0.3333333333333333
Sp 15.03.06;Мехатроника и робототехника;УУНиТ;Очная;Бюджетная основа;Целевая;3;1;0.3333333333333333
Sp 15.04.01;Машиностроение;УУНиТ;Очная;Бюджетная основа;Общая;6;1;0.16666666666666666
Sp 15.04.01;Машиностроение;УУНиТ;Очная;Бюджетная основа;Целевая;1;0;0.0
Sp 15.04.02;Инжиниринг технологического оборудования химического и нефтехимического производства;УУНиТ;Очная;Бюджетная основа;Общая;15;13;0.8666666666666667
Sp 15.04.02;Инжиниринг технологического оборудования химического и нефтехимического производства;УУНиТ;Очно-заочная;Бюджетная основа;Общая;15;8;0.5333333333333333
Sp 15.04.02;Инжиниринг технологического оборудования химического и нефтехимического производства;УУНиТ;Очно-заочная;Бюджетная основа;Целевая;1;0;0.0
Sp 15.04.02;Инжиниринг технологического оборудования химического и нефтехимического производства;УУНиТ;Очная;Бюджетная основа;Целевая;2;0;0.0
Sp 15.04.04;Автоматизация технологических процессов и производств;УУНиТ;Очная;Бюджетная основа;Общая;7;3;0.42857142857142855
Sp 15.04.04;Автоматизация технологических процессов и производств;УУНиТ;Очная;Бюджетная основа;Целевая;1;0;0.0
Sp 15.04.05;Конструкторско-технологическое обеспечение машиностроительных производств;УУНиТ;Очная;Бюджетная основа;Общая;7;1;0.14285714285714285
Sp 15.04.05;Конструкторско-технологическое обеспечение машиностроительных производств;УУНиТ;Очная;Бюджетная основа;Целевая;1;1;1.0
Sp 15.04.06;Мехатроника и робототехника;УУНиТ;Очная;Бюджетная основа;Общая;7;1;0.14285714285714285
Sp 15.04.06;Мехатроника и робототехника;УУНиТ;Очная;Бюджетная основа;Целевая;1;0;0.0
Sp 15.05.01;Проектирование технологических машин и комплексов;УУНиТ;Очная;Бюджетная основа;Общая;20;11;0.55
Sp 15.05.01;Проектирование технологических машин и комплексов;УУНиТ;Очная;Бюджетная основа;Особая;2;0;0.0
Sp 15.05.01;Проектирование технологических машин и комплексов;УУНиТ;Очная;Бюджетная основа;Отдельная;2;0;0.0
Sp 15.05.01;Проектирование технологических машин и комплексов;УУНиТ;Очная;Бюджетная основа;Целевая;6;0;0.0
Sp 18.03.01;Химическая технология;УУНиТ;Очная;Бюджетная основа;Общая;25;2;0.08
Sp 18.03.01;Химическая технология;УУНиТ;Очная;Бюджетная основа;Особая;3;1;0.3333333333333333
Sp 18.03.01;Химическая технология;УУНиТ;Очная;Бюджетная основа;Отдельная;3;0;0.0
Sp 18.03.01;Химическая технология;УУНиТ;Очная;Бюджетная основа;Целевая;3;0;0.0
Sp 19.03.01;Биотехнология;УУНиТ;Очно-заочная;Бюджетная основа;Общая;25;2;0.08
Sp 19.03.01;Биотехнология;УУНиТ;Очно-заочная;Бюджетная основа;Особая;3;0;0.0
Sp 19.03.01;Биотехнология;УУНиТ;Очно-заочная;Бюджетная основа;Отдельная;3;0;0.0
Sp 19.03.01;Биотехнология;УУНиТ;Очно-заочная;Бюджетная основа;Целевая;3;0;0.0
Sp 20.03.01;Техносферная безопасность;УУНиТ;Очная;Бюджетная основа;Общая;30;6;0.2
Sp 20.03.01;Техносферная безопасность;УУНиТ;Очная;Бюджетная основа;Особая;3;0;0.0
Sp 20.03.01;Техносферная безопасность;УУНиТ;Очная;Бюджетная основа;Отдельная;3;0;0.0
Sp 20.03.01;Техносферная безопасность;УУНиТ;Очная;Бюджетная основа;Целевая;3;1;0.3333333333333333
Sp 20.03.01;Безопасность жизнедеятельности в техносфере;УУНиТ;Очная;Бюджетная основа;Общая;15;0;0.0
Sp 20.03.01;Безопасность жизнедеятельности в техносфере;УУНиТ;Очная;Бюджетная основа;Особая;2;0;0.0
Sp 20.03.01;Безопасность жизнедеятельности в техносфере;УУНиТ;Очная;Бюджетная основа;Отдельная;2;0;0.0
Sp 20.03.01;Безопасность жизнедеятельности в техносфере;УУНиТ;Очная;Бюджетная основа;Целевая;2;0;0.0
Sp 20.03.01;Инженерная защита окружающей среды (Бирск);Филиал в г. Бирск;Очная;Бюджетная основа;Общая;11;7;0.6363636363636364
Sp 20.03.01;Инженерная защита окружающей среды (Бирск);Филиал в г. Бирск;Очная;Бюджетная основа;Особая;2;0;0.0
Sp 20.03.01;Инженерная защита окружающей среды (Бирск);Филиал в г. Бирск;Очная;Бюджетная основа;Отдельная;2;0;0.0
Sp 20.03.01;Инженерная защита окружающей среды (Бирск);Филиал в г. Бирск;Очная;Бюджетная основа;Целевая;1;0;0.0
Sp 20.03.01;Инженерная защита окружающей среды (Бирск);Филиал в г. Бирск;Заочная;Бюджетная основа;Общая;10;10;1.0
Sp 20.03.01;Инженерная защита окружающей среды (Бирск);Филиал в г. Бирск;Заочная;Бюджетная основа;Особая;1;0;0.0
Sp 20.03.01;Инженерная защита окружающей среды (Бирск);Филиал в г. Бирск;Заочная;Бюджетная основа;Отдельная;1;0;0.0
Sp 20.03.01;Инженерная защита окружающей среды (Бирск);Филиал в г. Бирск;Заочная;Бюджетная основа;Целевая;1;0;0.0
Sp 20.05.01;Пожарная безопасность;УУНиТ;Очная;Бюджетная основа;Общая;25;9;0.36
Sp 20.05.01;Пожарная безопасность;УУНиТ;Очная;Бюджетная основа;Особая;3;0;0.0
Sp 20.05.01;Пожарная безопасность;УУНиТ;Очная;Бюджетная основа;Отдельная;3;1;0.3333333333333333
Sp 20.05.01;Пожарная безопасность;УУНиТ;Очная;Бюджетная основа;Целевая;5;1;0.2
Sp 22.03.01;Дизайн и экспертиза перспективных материалов и технологий;УУНиТ;Очная;Бюджетная основа;Общая;25;3;0.12
Sp 22.03.01;Дизайн и экспертиза перспективных материалов и технологий;УУНиТ;Очная;Бюджетная основа;Особая;3;0;0.0
Sp 22.03.01;Дизайн и экспертиза перспективных материалов и технологий;УУНиТ;Очная;Бюджетная основа;Отдельная;3;0;0.0
Sp 22.03.01;Дизайн и экспертиза перспективных материалов и технологий;УУНиТ;Очная;Бюджетная основа;Целевая;3;0;0.0
Sp 22.03.01;Конструирование и производство изделий из композиционных материалов;УУНиТ;Очная;Бюджетная основа;Общая;25;2;0.08
Sp 22.03.01;Конструирование и производство изделий из композиционных материалов;УУНиТ;Очная;Бюджетная основа;Особая;3;0;0.0
Sp 22.03.01;Конструирование и производство изделий из композиционных материалов;УУНиТ;Очная;Бюджетная основа;Отдельная;3;0;0.0
Sp 22.03.01;Конструирование и производство изделий из композиционных материалов;УУНиТ;Очная;Бюджетная основа;Целевая;3;0;0.0
Sp 22.03.01;Конструирование и производство изделий из композиционных материалов;УУНиТ;Очно-заочная;Бюджетная основа;Общая;25;5;0.2
Sp 22.03.01;Конструирование и производство изделий из композиционных материалов;УУНиТ;Очно-заочная;Бюджетная основа;Особая;3;0;0.0
Sp 22.03.01;Конструирование и производство изделий из композиционных материалов;УУНиТ;Очно-заочная;Бюджетная основа;Отдельная;3;0;0.0
Sp 22.03.01;Конструирование и производство изделий из композиционных материалов;УУНиТ;Очно-заочная;Бюджетная основа;Целевая;2;1;0.5
Sp 22.04.01;Неразрушающий контроль;УУНиТ;Очная;Бюджетная основа;Общая;12;6;0.5
Sp 22.04.01;Неразрушающий контроль;УУНиТ;Очная;Бюджетная основа;Целевая;1;0;0.0
Sp 23.03.03;Эксплуатация транспортно-технологических машин и комплексов (Сибай);Филиал в г. Сибай;Очная;Бюджетная основа;Общая;16;14;0.875
Sp 23.03.03;Эксплуатация транспортно-технологических машин и комплексов (Сибай);Филиал в г. Сибай;Очная;Бюджетная основа;Особая;2;0;0.0
Sp 23.03.03;Эксплуатация транспортно-технологических машин и комплексов (Сибай);Филиал в г. Сибай;Очная;Бюджетная основа;Отдельная;2;0;0.0
Sp 23.03.03;Эксплуатация транспортно-технологических машин и комплексов (Сибай);Филиал в г. Сибай;Очная;Бюджетная основа;Целевая;2;0;0.0
Sp 23.05.01;Наземные транспортно-технологические средства;УУНиТ;Очная;Бюджетная основа;Общая;40;6;0.15
Sp 23.05.01;Наземные транспортно-технологические средства;УУНиТ;Очная;Бюджетная основа;Особая;4;1;0.25
Sp 23.05.01;Наземные транспортно-технологические средства;УУНиТ;Очная;Бюджетная основа;Отдельная;4;0;0.0
Sp 23.05.01;Наземные транспортно-технологические средства;УУНиТ;Очная;Бюджетная основа;Целевая;8;0;0.0
Sp 24.03.04;Авиастроение;УУНиТ;Очная;Бюджетная основа;Общая;24;10;0.4166666666666667
Sp 24.03.04;Авиастроение;УУНиТ;Очная;Бюджетная основа;Особая;3;1;0.3333333333333333
Sp 24.03.04;Авиастроение;УУНиТ;Очная;Бюджетная основа;Отдельная;3;0;0.0
Sp 24.03.04;Авиастроение;УУНиТ;Очная;Бюджетная основа;Целевая;10;0;0.0
Sp 24.03.05;Двигатели летательных аппаратов;УУНиТ;Очная;Бюджетная основа;Общая;26;5;0.19230769230769232
Sp 24.03.05;Двигатели летательных аппаратов;УУНиТ;Очная;Бюджетная основа;Особая;3;0;0.0
Sp 24.03.05;Двигатели летательных аппаратов;УУНиТ;Очная;Бюджетная основа;Отдельная;3;1;0.3333333333333333
Sp 24.03.05;Двигатели летательных аппаратов;УУНиТ;Очная;Бюджетная основа;Целевая;8;0;0.0
Sp 24.04.05;Двигатели летательных аппаратов;УУНиТ;Очная;Бюджетная основа;Общая;9;3;0.3333333333333333
Sp 24.04.05;Двигатели летательных аппаратов;УУНиТ;Очная;Бюджетная основа;Целевая;2;0;0.0
Sp 24.05.02;Проектирование авиационных и ракетных двигателей;УУНиТ;Очная;Бюджетная основа;Общая;60;10;0.16666666666666666
Sp 24.05.02;Проектирование авиационных и ракетных двигателей;УУНиТ;Очная;Бюджетная основа;Особая;6;0;0.0
Sp 24.05.02;Проектирование авиационных и ракетных двигателей;УУНиТ;Очная;Бюджетная основа;Отдельная;6;1;0.16666666666666666
Sp 24.05.02;Проектирование авиационных и ракетных двигателей;УУНиТ;Очная;Бюджетная основа;Целевая;16;1;0.0625
Sp 24.05.02;Проектирование авиационных и ракетных двигателей;УУНиТ;Очная;Бюджетная основа;Целевая;20;12;0.6
Sp 24.05.06;Системы управления летательными аппаратами;УУНиТ;Очная;Бюджетная основа;Общая;40;2;0.05
Sp 24.05.06;Системы управления летательными аппаратами;УУНиТ;Очная;Бюджетная основа;Особая;4;1;0.25
Sp 24.05.06;Системы управления летательными аппаратами;УУНиТ;Очная;Бюджетная основа;Отдельная;4;0;0.0
Sp 24.05.06;Системы управления летательными аппаратами;УУНиТ;Очная;Бюджетная основа;Целевая;30;11;0.36666666666666664
Sp 25.03.01;Техническая эксплуатация летательных аппаратов и двигателей;УУНиТ;Очная;Бюджетная основа;Общая;25;8;0.32
Sp 25.03.01;Техническая эксплуатация летательных аппаратов и двигателей;УУНиТ;Очная;Бюджетная основа;Особая;3;0;0.0
Sp 25.03.01;Техническая эксплуатация летательных аппаратов и двигателей;УУНиТ;Очная;Бюджетная основа;Отдельная;3;0;0.0
Sp 25.03.01;Техническая эксплуатация летательных аппаратов и двигателей;УУНиТ;Очная;Бюджетная основа;Целевая;4;0;0.0
Sp 25.04.01;Техническая эксплуатация летательных аппаратов и двигателей;УУНиТ;Очная;Бюджетная основа;Общая;10;9;0.9
Sp 25.04.01;Техническая эксплуатация летательных аппаратов и двигателей;УУНиТ;Очная;Бюджетная основа;Целевая;1;0;0.0
Sp 27.03.01;Метрология, стандартизация и сертификация;УУНиТ;Очная;Бюджетная основа;Общая;14;5;0.35714285714285715
Sp 27.03.01;Метрология, стандартизация и сертификация;УУНиТ;Очная;Бюджетная основа;Особая;2;0;0.0
Sp 27.03.01;Метрология, стандартизация и сертификация;УУНиТ;Очная;Бюджетная основа;Отдельная;2;1;0.5
Sp 27.03.01;Метрология, стандартизация и сертификация;УУНиТ;Очная;Бюджетная основа;Целевая;2;0;0.0
Sp 27.03.04;Управление в технических системах;УУНиТ;Очная;Бюджетная основа;Общая;15;0;0.0
Sp 27.03.04;Управление в технических системах;УУНиТ;Очная;Бюджетная основа;Особая;2;0;0.0
Sp 27.03.04;Управление в технических системах;УУНиТ;Очная;Бюджетная основа;Отдельная;2;0;0.0
Sp 27.03.04;Управление в технических системах;УУНиТ;Очная;Бюджетная основа;Целевая;2;0;0.0
Sp 27.03.05;Инноватика;УУНиТ;Очная;Бюджетная основа;Общая;20;1;0.05
Sp 27.03.05;Инноватика;УУНиТ;Очная;Бюджетная основа;Особая;2;0;0.0
Sp 27.03.05;Инноватика;УУНиТ;Очная;Бюджетная основа;Отдельная;2;0;0.0
Sp 27.03.05;Инноватика;УУНиТ;Очная;Бюджетная основа;Целевая;1;0;0.0
Sp 28.03.02;Наноинженерия;УУНиТ;Очная;Бюджетная основа;Общая;20;1;0.05
Sp 28.03.02;Наноинженерия;УУНиТ;Очная;Бюджетная основа;Особая;2;0;0.0
Sp 28.03.02;Наноинженерия;УУНиТ;Очная;Бюджетная основа;Отдельная;2;0;0.0
Sp 28.03.02;Наноинженерия;УУНиТ;Очная;Бюджетная основа;Целевая;1;0;0.0
Sp 28.04.02;Наноинженерия;УУНиТ;Очная;Бюджетная основа;Общая;10;4;0.4
Sp 37.03.01;Психология;УУНиТ;Очная;Бюджетная основа;Общая;9;9;1.0
Sp 37.03.01;Психология;УУНиТ;Очная;Бюджетная основа;Особая;1;0;0.0
Sp 37.03.01;Психология;УУНиТ;Очная;Бюджетная основа;Отдельная;1;1;1.0
Sp 37.03.01;Психология;УУНиТ;Очная;Бюджетная основа;Целевая;1;0;0.0
Sp 37.03.01;Психология;УУНиТ;Очно-заочная;Бюджетная основа;Общая;25;7;0.28
Sp 37.03.01;Психология;УУНиТ;Очно-заочная;Бюджетная основа;Особая;3;0;0.0
Sp 37.03.01;Психология;УУНиТ;Очно-заочная;Бюджетная основа;Отдельная;3;0;0.0
Sp 37.03.01;Психология;УУНиТ;Очно-заочная;Бюджетная основа;Целевая;2;0;0.0
Sp 37.04.01;Клиническая психология;УУНиТ;Очная;Бюджетная основа;Общая;19;18;0.9473684210526315
Sp 37.04.01;Клиническая психология;УУНиТ;Очная;Бюджетная основа;Целевая;1;0;0.0
Sp 38.04.01;Управление инновационным развитием;УУНиТ;Очная;Бюджетная основа;Общая;15;11;0.7333333333333333
Sp 38.04.01;Экономика и управление пространственным развитием территорий;УУНиТ;Очная;Бюджетная основа;Общая;10;4;0.4
Sp 38.04.01;Экономика предпринимательства и креативных индустрий;УУНиТ;Заочная;Бюджетная основа;Общая;10;5;0.5
Sp 38.04.01;Управление инновационным развитием;УУНиТ;Очная;Бюджетная основа;Целевая;2;0;0.0
Sp 38.04.01;Экономика и управление пространственным развитием территорий;УУНиТ;Очная;Бюджетная основа;Целевая;1;0;0.0
Sp 38.04.01;Экономика предпринимательства и креативных индустрий;УУНиТ;Заочная;Бюджетная основа;Целевая;1;0;0.0
Sp 38.04.05;Информационная бизнес-аналитика ;УУНиТ;Очно-заочная;Бюджетная основа;Общая;12;6;0.5
Sp 38.04.05;Информационная бизнес-аналитика ;УУНиТ;Очно-заочная;Бюджетная основа;Целевая;1;0;0.0
Sp 39.03.01;Социология;УУНиТ;Очная;Бюджетная основа;Общая;20;8;0.4
Sp 39.03.01;Социология;УУНиТ;Очная;Бюджетная основа;Особая;2;1;0.5
Sp 39.03.01;Социология;УУНиТ;Очная;Бюджетная основа;Отдельная;2;0;0.0
Sp 39.03.01;Социология;УУНиТ;Очная;Бюджетная основа;Целевая;1;0;0.0
Sp 39.03.01;Социология;УУНиТ;Заочная;Бюджетная основа;Общая;20;7;0.35
Sp 39.03.01;Социология;УУНиТ;Заочная;Бюджетная основа;Особая;2;0;0.0
Sp 39.03.01;Социология;УУНиТ;Заочная;Бюджетная основа;Отдельная;2;1;0.5
Sp 39.03.01;Социология;УУНиТ;Заочная;Бюджетная основа;Целевая;1;0;0.0
Sp 39.03.02;Социальная работа;УУНиТ;Очная;Бюджетная основа;Общая;20;4;0.2
Sp 39.03.02;Социальная работа;УУНиТ;Очная;Бюджетная основа;Особая;2;1;0.5
Sp 39.03.02;Социальная работа;УУНиТ;Очная;Бюджетная основа;Отдельная;2;0;0.0
Sp 39.03.02;Социальная работа;УУНиТ;Очная;Бюджетная основа;Целевая;2;0;0.0
Sp 39.03.02;Социальная работа;УУНиТ;Заочная;Бюджетная основа;Общая;15;3;0.2
Sp 39.03.02;Социальная работа;УУНиТ;Заочная;Бюджетная основа;Особая;2;0;0.0
Sp 39.03.02;Социальная работа;УУНиТ;Заочная;Бюджетная основа;Отдельная;2;0;0.0
Sp 39.03.02;Социальная работа;УУНиТ;Заочная;Бюджетная основа;Целевая;2;0;0.0
Sp 39.03.02;Социальная работа (Бирск);Филиал в г. Бирск;Очная;Бюджетная основа;Общая;23;20;0.8695652173913043
Sp 39.03.02;Социальная работа (Бирск);Филиал в г. Бирск;Очная;Бюджетная основа;Особая;3;1;0.3333333333333333
Sp 39.03.02;Социальная работа (Бирск);Филиал в г. Бирск;Очная;Бюджетная основа;Отдельная;3;0;0.0
Sp 39.03.02;Социальная работа (Бирск);Филиал в г. Бирск;Очная;Бюджетная основа;Целевая;2;0;0.0
Sp 39.03.03;Организация работы с молодежью;УУНиТ;Очная;Бюджетная основа;Общая;20;6;0.3
Sp 39.03.03;Организация работы с молодежью;УУНиТ;Очная;Бюджетная основа;Особая;2;0;0.0
Sp 39.03.03;Организация работы с молодежью;УУНиТ;Очная;Бюджетная основа;Отдельная;2;0;0.0
Sp 39.03.03;Организация работы с молодежью;УУНиТ;Очная;Бюджетная основа;Целевая;3;0;0.0
Sp 39.03.03;Организация работы с молодежью;УУНиТ;Заочная;Бюджетная основа;Общая;15;3;0.2
Sp 39.03.03;Организация работы с молодежью;УУНиТ;Заочная;Бюджетная основа;Особая;2;0;0.0
Sp 39.03.03;Организация работы с молодежью;УУНиТ;Заочная;Бюджетная основа;Отдельная;2;0;0.0
Sp 39.03.03;Организация работы с молодежью;УУНиТ;Заочная;Бюджетная основа;Целевая;2;0;0.0
Sp 39.04.01;Социальное проектирование в сферах коммуникации и маркетинга;УУНиТ;Очная;Бюджетная основа;Общая;15;6;0.4
Sp 39.04.01;Социальное проектирование в сферах коммуникации и маркетинга;УУНиТ;Очная;Бюджетная основа;Целевая;2;0;0.0
Sp 39.04.02;Социальная работа в сфере семейно-демографической политики;УУНиТ;Заочная;Бюджетная основа;Общая;16;1;0.0625
Sp 39.04.02;Социальная работа в сфере семейно-демографической политики;УУНиТ;Заочная;Бюджетная основа;Целевая;3;0;0.0
Sp 40.03.01;Юрист общей практики;УУНиТ;Очная;Бюджетная основа;Общая;47;47;1.0
Sp 40.03.01;Юрист общей практики;УУНиТ;Очная;Бюджетная основа;Особая;5;5;1.0
Sp 40.03.01;Юрист общей практики;УУНиТ;Очная;Бюджетная основа;Отдельная;5;3;0.6
Sp 40.03.01;Юрист общей практики;УУНиТ;Очная;Бюджетная основа;Целевая;6;6;1.0
Sp 40.03.01;Юрист общей практики;УУНиТ;Очно-заочная;Бюджетная основа;Общая;11;11;1.0
Sp 40.03.01;Юрист общей практики;УУНиТ;Очно-заочная;Бюджетная основа;Особая;2;0;0.0
Sp 40.03.01;Юрист общей практики;УУНиТ;Очно-заочная;Бюджетная основа;Отдельная;2;2;1.0
Sp 40.03.01;Юрист общей практики;УУНиТ;Очно-заочная;Бюджетная основа;Целевая;2;1;0.5
Sp 40.04.01;Юрист в сфере уголовного судопроизводства;УУНиТ;Очная;Бюджетная основа;Общая;16;16;1.0
Sp 40.04.01;Юрист в сфере уголовного судопроизводства;УУНиТ;Заочная;Бюджетная основа;Общая;67;34;0.5074626865671642
Sp 40.04.01;Юрист в сфере уголовного судопроизводства;УУНиТ;Заочная;Бюджетная основа;Целевая;6;0;0.0
Sp 40.04.01;Юрист в сфере уголовного судопроизводства;УУНиТ;Очная;Бюджетная основа;Целевая;2;0;0.0
Sp 41.03.04;Политология;УУНиТ;Очно-заочная;Бюджетная основа;Общая;16;3;0.1875
Sp 41.03.04;Политология;УУНиТ;Очно-заочная;Бюджетная основа;Особая;2;2;1.0
Sp 41.03.04;Политология;УУНиТ;Очно-заочная;Бюджетная основа;Отдельная;2;0;0.0
Sp 41.03.04;Политология;УУНиТ;Очно-заочная;Бюджетная основа;Целевая;2;1;0.5
Sp 41.03.05;Международные отношения;УУНиТ;Очная;Бюджетная основа;Общая;10;10;1.0
Sp 41.03.05;Международные отношения;УУНиТ;Очная;Бюджетная основа;Особая;1;1;1.0
Sp 41.03.05;Международные отношения;УУНиТ;Очная;Бюджетная основа;Отдельная;1;0;0.0
Sp 41.03.05;Международные отношения;УУНиТ;Очная;Бюджетная основа;Целевая;3;0;0.0
Sp 41.04.04;Политические коммуникации в системе управления;УУНиТ;Очная;Бюджетная основа;Общая;15;9;0.6
Sp 42.03.02;Производство продукции телерадиовещательных средств массовой информации;УУНиТ;Очная;Бюджетная основа;Общая;10;10;1.0
Sp 42.03.02;Производство продукции телерадиовещательных средств массовой информации;УУНиТ;Очная;Бюджетная основа;Особая;1;1;1.0
Sp 42.03.02;Производство продукции телерадиовещательных средств массовой информации;УУНиТ;Очная;Бюджетная основа;Отдельная;1;1;1.0
Sp 42.03.02;Производство продукции телерадиовещательных средств массовой информации;УУНиТ;Очная;Бюджетная основа;Целевая;1;1;1.0
Sp 42.03.03;Издательское дело;УУНиТ;Заочная;Бюджетная основа;Общая;12;8;0.6666666666666666
Sp 42.03.03;Издательское дело;УУНиТ;Заочная;Бюджетная основа;Особая;2;0;0.0
Sp 42.03.03;Издательское дело;УУНиТ;Заочная;Бюджетная основа;Отдельная;2;0;0.0
Sp 42.04.02;Журналистика;УУНиТ;Очная;Бюджетная основа;Общая;11;9;0.8181818181818182
Sp 42.04.02;Журналистика;УУНиТ;Очная;Бюджетная основа;Целевая;1;0;0.0
Sp 44.03.01;Дошкольное образование (Бирск);Филиал в г. Бирск;Заочная;Бюджетная основа;Общая;5;5;1.0
Sp 44.03.01;Дошкольное образование (Бирск);Филиал в г. Бирск;Заочная;Бюджетная основа;Особая;1;0;0.0
Sp 44.03.01;Дошкольное образование (Бирск);Филиал в г. Бирск;Заочная;Бюджетная основа;Отдельная;1;0;0.0
Sp 44.03.01;Дошкольное образование (Бирск);Филиал в г. Бирск;Заочная;Бюджетная основа;Целевая;1;0;0.0
Sp 44.03.01;Начальное образование (Бирск);Филиал в г. Бирск;Заочная;Бюджетная основа;Общая;5;3;0.6
Sp 44.03.01;Начальное образование (Бирск);Филиал в г. Бирск;Заочная;Бюджетная основа;Особая;1;0;0.0
Sp 44.03.01;Начальное образование (Бирск);Филиал в г. Бирск;Заочная;Бюджетная основа;Отдельная;1;0;0.0
Sp 44.03.01;Начальное образование (Бирск);Филиал в г. Бирск;Заочная;Бюджетная основа;Целевая;1;0;0.0
Sp 44.03.01;Специальная педагогика начальной школы (инклюзивное образование) (Сибай);Филиал в г. Сибай;Заочная;Бюджетная основа;Общая;15;15;1.0
Sp 44.03.01;Специальная педагогика начальной школы (инклюзивное образование) (Сибай);Филиал в г. Сибай;Заочная;Бюджетная основа;Особая;2;0;0.0
Sp 44.03.01;Специальная педагогика начальной школы (инклюзивное образование) (Сибай);Филиал в г. Сибай;Заочная;Бюджетная основа;Отдельная;2;0;0.0
Sp 44.03.01;Специальная педагогика начальной школы (инклюзивное образование) (Сибай);Филиал в г. Сибай;Заочная;Бюджетная основа;Целевая;5;0;0.0
Sp 44.03.01;История (Стерлитамак);Филиал в г. Стерлитамак;Очная;Бюджетная основа;Общая;22;9;0.4090909090909091
Sp 44.03.01;История (Стерлитамак);Филиал в г. Стерлитамак;Очная;Бюджетная основа;Особая;3;2;0.6666666666666666
Sp 44.03.01;История (Стерлитамак);Филиал в г. Стерлитамак;Очная;Бюджетная основа;Отдельная;3;0;0.0
Sp 44.03.01;История (Стерлитамак);Филиал в г. Стерлитамак;Очная;Бюджетная основа;Целевая;7;7;1.0
Sp 44.03.01;История (Стерлитамак);Филиал в г. Стерлитамак;Заочная;Бюджетная основа;Общая;16;14;0.875
Sp 44.03.01;История (Стерлитамак);Филиал в г. Стерлитамак;Заочная;Бюджетная основа;Особая;2;1;0.5
Sp 44.03.01;История (Стерлитамак);Филиал в г. Стерлитамак;Заочная;Бюджетная основа;Отдельная;2;1;0.5
Sp 44.03.01;История (Стерлитамак);Филиал в г. Стерлитамак;Заочная;Бюджетная основа;Целевая;5;3;0.6
Sp 44.03.01;Иностранный язык (английский) (Стерлитамак);Филиал в г. Стерлитамак;Заочная;Бюджетная основа;Общая;16;9;0.5625
Sp 44.03.01;Иностранный язык (английский) (Стерлитамак);Филиал в г. Стерлитамак;Заочная;Бюджетная основа;Особая;2;0;0.0
Sp 44.03.01;Иностранный язык (английский) (Стерлитамак);Филиал в г. Стерлитамак;Заочная;Бюджетная основа;Отдельная;2;0;0.0
Sp 44.03.01;Иностранный язык (английский) (Стерлитамак);Филиал в г. Стерлитамак;Заочная;Бюджетная основа;Целевая;5;4;0.8
Sp 44.03.01;Начальное образование (Стерлитамак);Филиал в г. Стерлитамак;Заочная;Бюджетная основа;Общая;16;14;0.875
Sp 44.03.01;Начальное образование (Стерлитамак);Филиал в г. Стерлитамак;Заочная;Бюджетная основа;Особая;2;1;0.5
Sp 44.03.01;Начальное образование (Стерлитамак);Филиал в г. Стерлитамак;Заочная;Бюджетная основа;Отдельная;2;1;0.5
Sp 44.03.01;Начальное образование (Стерлитамак);Филиал в г. Стерлитамак;Заочная;Бюджетная основа;Целевая;5;4;0.8
Sp 44.03.02;Психолого-педагогическое образование (Бирск);Филиал в г. Бирск;Очная;Бюджетная основа;Общая;17;10;0.5882352941176471
Sp 44.03.02;Психолого-педагогическое образование (Бирск);Филиал в г. Бирск;Очная;Бюджетная основа;Особая;2;0;0.0
Sp 44.03.02;Психолого-педагогическое образование (Бирск);Филиал в г. Бирск;Очная;Бюджетная основа;Отдельная;2;0;0.0
Sp 44.03.02;Психолого-педагогическое образование (Бирск);Филиал в г. Бирск;Очная;Бюджетная основа;Целевая;3;1;0.3333333333333333
Sp 44.03.02;Психолого-педагогическое образование (Бирск);Филиал в г. Бирск;Заочная;Бюджетная основа;Общая;5;5;1.0
Sp 44.03.02;Психолого-педагогическое образование (Бирск);Филиал в г. Бирск;Заочная;Бюджетная основа;Особая;1;0;0.0
Sp 44.03.02;Психолого-педагогическое образование (Бирск);Филиал в г. Бирск;Заочная;Бюджетная основа;Отдельная;1;0;0.0
Sp 44.03.02;Психолого-педагогическое образование (Бирск);Филиал в г. Бирск;Заочная;Бюджетная основа;Целевая;2;2;1.0
Sp 44.03.02;Психолого-педагогическое образование (Сибай);Филиал в г. Сибай;Очная;Бюджетная основа;Общая;20;20;1.0
Sp 44.03.02;Психолого-педагогическое образование (Сибай);Филиал в г. Сибай;Очная;Бюджетная основа;Особая;2;1;0.5
Sp 44.03.02;Психолого-педагогическое образование (Сибай);Филиал в г. Сибай;Очная;Бюджетная основа;Отдельная;2;0;0.0
Sp 44.03.02;Психолого-педагогическое образование (Сибай);Филиал в г. Сибай;Очная;Бюджетная основа;Целевая;4;0;0.0
Sp 44.03.02;Психолого-педагогическое образование (Стерлитамак);Филиал в г. Стерлитамак;Очная;Бюджетная основа;Общая;22;14;0.6363636363636364
Sp 44.03.02;Психолого-педагогическое образование (Стерлитамак);Филиал в г. Стерлитамак;Очная;Бюджетная основа;Особая;3;3;1.0
Sp 44.03.02;Психолого-педагогическое образование (Стерлитамак);Филиал в г. Стерлитамак;Очная;Бюджетная основа;Отдельная;3;0;0.0
Sp 44.03.02;Психолого-педагогическое образование (Стерлитамак);Филиал в г. Стерлитамак;Очная;Бюджетная основа;Целевая;4;3;0.75
Sp 44.03.03;Специальное (дефектологическое) образование;УУНиТ;Заочная;Бюджетная основа;Общая;25;19;0.76
Sp 44.03.03;Специальное (дефектологическое) образование;УУНиТ;Заочная;Бюджетная основа;Особая;3;1;0.3333333333333333
Sp 44.03.03;Специальное (дефектологическое) образование;УУНиТ;Заочная;Бюджетная основа;Отдельная;3;0;0.0
Sp 44.03.03;Специальное (дефектологическое) образование;УУНиТ;Заочная;Бюджетная основа;Целевая;8;0;0.0
Sp 44.03.03;Логопедия (Бирск);Филиал в г. Бирск;Заочная;Бюджетная основа;Общая;5;5;1.0
Sp 44.03.03;Логопедия (Бирск);Филиал в г. Бирск;Заочная;Бюджетная основа;Особая;1;0;0.0
Sp 44.03.03;Логопедия (Бирск);Филиал в г. Бирск;Заочная;Бюджетная основа;Отдельная;1;0;0.0
Sp 44.03.03;Логопедия (Бирск);Филиал в г. Бирск;Заочная;Бюджетная основа;Целевая;1;1;1.0
Sp 44.03.04;Профессиональное обучение (по отраслям) (Стерлитамак);Филиал в г. Стерлитамак;Очная;Бюджетная основа;Общая;20;17;0.85
Sp 44.03.04;Профессиональное обучение (по отраслям) (Стерлитамак);Филиал в г. Стерлитамак;Очная;Бюджетная основа;Особая;2;1;0.5
Sp 44.03.04;Профессиональное обучение (по отраслям) (Стерлитамак);Филиал в г. Стерлитамак;Очная;Бюджетная основа;Отдельная;2;1;0.5
Sp 44.03.04;Профессиональное обучение (по отраслям) (Стерлитамак);Филиал в г. Стерлитамак;Заочная;Бюджетная основа;Общая;16;7;0.4375
Sp 44.03.04;Профессиональное обучение (по отраслям) (Стерлитамак);Филиал в г. Стерлитамак;Заочная;Бюджетная основа;Особая;2;0;0.0
Sp 44.03.04;Профессиональное обучение (по отраслям) (Стерлитамак);Филиал в г. Стерлитамак;Заочная;Бюджетная основа;Отдельная;2;0;0.0
Sp 44.03.04;Профессиональное обучение (по отраслям) (Стерлитамак);Филиал в г. Стерлитамак;Заочная;Бюджетная основа;Целевая;7;7;1.0
Sp 44.03.05;Родной (башкирский) язык и литература, Китайский язык;УУНиТ;Очная;Бюджетная основа;Общая;16;10;0.625
Sp 44.03.05;Родной (башкирский) язык и литература, Китайский язык;УУНиТ;Очная;Бюджетная основа;Особая;2;0;0.0
Sp 44.03.05;Родной (башкирский) язык и литература, Китайский язык;УУНиТ;Очная;Бюджетная основа;Отдельная;2;0;0.0
Sp 44.03.05;Родной (башкирский) язык и литература, Китайский язык;УУНиТ;Очная;Бюджетная основа;Целевая;5;3;0.6
Sp 44.03.05;Родной (башкирский) язык и литература, Русский язык;УУНиТ;Заочная;Бюджетная основа;Общая;10;8;0.8
Sp 44.03.05;Родной (башкирский) язык и литература, Русский язык;УУНиТ;Заочная;Бюджетная основа;Особая;1;0;0.0
Sp 44.03.05;Родной (башкирский) язык и литература, Русский язык;УУНиТ;Заочная;Бюджетная основа;Отдельная;1;0;0.0
Sp 44.03.05;Родной (башкирский) язык и литература, Русский язык;УУНиТ;Заочная;Бюджетная основа;Целевая;3;1;0.3333333333333333
Sp 44.03.05;Родной (татарский) язык и литература, Русский язык;УУНиТ;Очная;Бюджетная основа;Общая;15;7;0.4666666666666667
Sp 44.03.05;Родной (татарский) язык и литература, Русский язык;УУНиТ;Очная;Бюджетная основа;Особая;2;0;0.0
Sp 44.03.05;Родной (татарский) язык и литература, Русский язык;УУНиТ;Очная;Бюджетная основа;Отдельная;2;0;0.0
Sp 44.03.05;Родной (татарский) язык и литература, Русский язык;УУНиТ;Очная;Бюджетная основа;Целевая;5;0;0.0
Sp 44.03.05;Русский язык и литература, Русский язык как иностранный;УУНиТ;Очная;Бюджетная основа;Общая;15;5;0.3333333333333333
Sp 44.03.05;Русский язык и литература, Русский язык как иностранный;УУНиТ;Очная;Бюджетная основа;Особая;2;2;1.0
Sp 44.03.05;Русский язык и литература, Русский язык как иностранный;УУНиТ;Очная;Бюджетная основа;Отдельная;2;0;0.0
Sp 44.03.05;Русский язык и литература, Русский язык как иностранный;УУНиТ;Очная;Бюджетная основа;Целевая;5;1;0.2
Sp 44.03.05;Русский язык и литература, Русский язык как иностранный;УУНиТ;Заочная;Бюджетная основа;Общая;10;1;0.1
Sp 44.03.05;Русский язык и литература, Русский язык как иностранный;УУНиТ;Заочная;Бюджетная основа;Особая;1;0;0.0
Sp 44.03.05;Русский язык и литература, Русский язык как иностранный;УУНиТ;Заочная;Бюджетная основа;Отдельная;1;0;0.0
Sp 44.03.05;Русский язык и литература, Русский язык как иностранный;УУНиТ;Заочная;Бюджетная основа;Целевая;3;0;0.0
Sp 44.03.05;Русский язык и литература, Русский язык как иностранный (Бирск);Филиал в г. Бирск;Очная;Бюджетная основа;Общая;9;5;0.5555555555555556
Sp 44.03.05;Русский язык и литература, Русский язык как иностранный (Бирск);Филиал в г. Бирск;Очная;Бюджетная основа;Особая;1;0;0.0
Sp 44.03.05;Русский язык и литература, Русский язык как иностранный (Бирск);Филиал в г. Бирск;Очная;Бюджетная основа;Отдельная;1;0;0.0
Sp 44.03.05;Русский язык и литература, Русский язык как иностранный (Бирск);Филиал в г. Бирск;Очная;Бюджетная основа;Целевая;3;1;0.3333333333333333
Sp 44.03.05;Русский язык и литература, Дополнительное образование (Журналистика) (Бирск);Филиал в г. Бирск;Очная;Бюджетная основа;Общая;8;4;0.5
Sp 44.03.05;Русский язык и литература, Дополнительное образование (Журналистика) (Бирск);Филиал в г. Бирск;Очная;Бюджетная основа;Особая;1;0;0.0
Sp 44.03.05;Русский язык и литература, Дополнительное образование (Журналистика) (Бирск);Филиал в г. Бирск;Очная;Бюджетная основа;Отдельная;1;0;0.0
Sp 44.03.05;Русский язык и литература, Дополнительное образование (Журналистика) (Бирск);Филиал в г. Бирск;Очная;Бюджетная основа;Целевая;2;1;0.5
Sp 44.03.05;Иностранный язык (английский), Иностранный (французский) (Бирск);Филиал в г. Бирск;Очная;Бюджетная основа;Общая;17;9;0.5294117647058824
Sp 44.03.05;Иностранный язык (английский), Иностранный (французский) (Бирск);Филиал в г. Бирск;Очная;Бюджетная основа;Особая;2;2;1.0
Sp 44.03.05;Иностранный язык (английский), Иностранный (французский) (Бирск);Филиал в г. Бирск;Очная;Бюджетная основа;Отдельная;2;0;0.0
Sp 44.03.05;Иностранный язык (английский), Иностранный (французский) (Бирск);Филиал в г. Бирск;Очная;Бюджетная основа;Целевая;5;2;0.4
Sp 44.03.05;Родной (башкирский) язык и литература, Русский язык и литература (Бирск);Филиал в г. Бирск;Очная;Бюджетная основа;Общая;16;7;0.4375
Sp 44.03.05;Родной (башкирский) язык и литература, Русский язык и литература (Бирск);Филиал в г. Бирск;Очная;Бюджетная основа;Особая;2;0;0.0
Sp 44.03.05;Родной (башкирский) язык и литература, Русский язык и литература (Бирск);Филиал в г. Бирск;Очная;Бюджетная основа;Отдельная;2;0;0.0
Sp 44.03.05;Родной (башкирский) язык и литература, Русский язык и литература (Бирск);Филиал в г. Бирск;Очная;Бюджетная основа;Целевая;5;0;0.0
Sp 44.03.05;История, Право (Бирск);Филиал в г. Бирск;Очная;Бюджетная основа;Общая;16;10;0.625
Sp 44.03.05;История, Право (Бирск);Филиал в г. Бирск;Очная;Бюджетная основа;Особая;2;1;0.5
Sp 44.03.05;История, Право (Бирск);Филиал в г. Бирск;Очная;Бюджетная основа;Отдельная;2;0;0.0
Sp 44.03.05;История, Право (Бирск);Филиал в г. Бирск;Очная;Бюджетная основа;Целевая;5;3;0.6
Sp 44.03.05;Начальное образование, Изобразительное искусство (Бирск);Филиал в г. Бирск;Очная;Бюджетная основа;Общая;17;9;0.5294117647058824
Sp 44.03.05;Начальное образование, Изобразительное искусство (Бирск);Филиал в г. Бирск;Очная;Бюджетная основа;Особая;2;2;1.0
Sp 44.03.05;Начальное образование, Изобразительное искусство (Бирск);Филиал в г. Бирск;Очная;Бюджетная основа;Отдельная;2;0;0.0
Sp 44.03.05;Начальное образование, Изобразительное искусство (Бирск);Филиал в г. Бирск;Очная;Бюджетная основа;Целевая;5;1;0.2
Sp 44.03.05;Дошкольное образование, Логопедия (Бирск);Филиал в г. Бирск;Очная;Бюджетная основа;Общая;17;7;0.4117647058823529
Sp 44.03.05;Дошкольное образование, Логопедия (Бирск);Филиал в г. Бирск;Очная;Бюджетная основа;Особая;2;2;1.0
Sp 44.03.05;Дошкольное образование, Логопедия (Бирск);Филиал в г. Бирск;Очная;Бюджетная основа;Отдельная;2;0;0.0
Sp 44.03.05;Дошкольное образование, Логопедия (Бирск);Филиал в г. Бирск;Очная;Бюджетная основа;Целевая;5;2;0.4
Sp 44.03.05;Физическая культура, Дополнительное образование (тренерская деятельность) (Бирск);Филиал в г. Бирск;Очная;Бюджетная основа;Общая;16;14;0.875
Sp 44.03.05;Физическая культура, Дополнительное образование (тренерская деятельность) (Бирск);Филиал в г. Бирск;Очная;Бюджетная основа;Особая;2;0;0.0
Sp 44.03.05;Физическая культура, Дополнительное образование (тренерская деятельность) (Бирск);Филиал в г. Бирск;Очная;Бюджетная основа;Отдельная;2;1;0.5
Sp 44.03.05;Физическая культура, Дополнительное образование (тренерская деятельность) (Бирск);Филиал в г. Бирск;Очная;Бюджетная основа;Целевая;5;1;0.2
Sp 44.03.05;Физическая культура, Дополнительное образование (тренерская деятельность) (Бирск);Филиал в г. Бирск;Заочная;Бюджетная основа;Общая;5;5;1.0
Sp 44.03.05;Физическая культура, Дополнительное образование (тренерская деятельность) (Бирск);Филиал в г. Бирск;Заочная;Бюджетная основа;Особая;1;0;0.0
Sp 44.03.05;Физическая культура, Дополнительное образование (тренерская деятельность) (Бирск);Филиал в г. Бирск;Заочная;Бюджетная основа;Отдельная;1;0;0.0
Sp 44.03.05;Физическая культура, Дополнительное образование (тренерская деятельность) (Бирск);Филиал в г. Бирск;Заочная;Бюджетная основа;Целевая;2;1;0.5
Sp 44.03.05;Технология и предпринимательство, Дополнительное образование (образование в области дизайна и компьютерной графики) (Бирск);Филиал в г. Бирск;Очная;Бюджетная основа;Общая;17;7;0.4117647058823529
Sp 44.03.05;Технология и предпринимательство, Дополнительное образование (образование в области дизайна и компьютерной графики) (Бирск);Филиал в г. Бирск;Очная;Бюджетная основа;Особая;2;0;0.0
Sp 44.03.05;Технология и предпринимательство, Дополнительное образование (образование в области дизайна и компьютерной графики) (Бирск);Филиал в г. Бирск;Очная;Бюджетная основа;Отдельная;2;0;0.0
Sp 44.03.05;Технология и предпринимательство, Дополнительное образование (образование в области дизайна и компьютерной графики) (Бирск);Филиал в г. Бирск;Очная;Бюджетная основа;Целевая;5;0;0.0
Sp 44.03.05;Биология, Химия (Бирск);Филиал в г. Бирск;Очная;Бюджетная основа;Общая;12;12;1.0
Sp 44.03.05;Биология, Химия (Бирск);Филиал в г. Бирск;Очная;Бюджетная основа;Особая;2;0;0.0
Sp 44.03.05;Биология, Химия (Бирск);Филиал в г. Бирск;Очная;Бюджетная основа;Отдельная;2;0;0.0
Sp 44.03.05;Биология, Химия (Бирск);Филиал в г. Бирск;Очная;Бюджетная основа;Целевая;3;0;0.0
Sp 44.03.05;Математика, Физика (Бирск);Филиал в г. Бирск;Очная;Бюджетная основа;Общая;10;4;0.4
Sp 44.03.05;Математика, Физика (Бирск);Филиал в г. Бирск;Очная;Бюджетная основа;Особая;1;0;0.0
Sp 44.03.05;Математика, Физика (Бирск);Филиал в г. Бирск;Очная;Бюджетная основа;Отдельная;1;0;0.0
Sp 44.03.05;Математика, Физика (Бирск);Филиал в г. Бирск;Очная;Бюджетная основа;Целевая;3;3;1.0
Sp 44.03.05;Математика, Информатика (Бирск);Филиал в г. Бирск;Очная;Бюджетная основа;Общая;10;10;1.0
Sp 44.03.05;Математика, Информатика (Бирск);Филиал в г. Бирск;Очная;Бюджетная основа;Особая;1;0;0.0
Sp 44.03.05;Математика, Информатика (Бирск);Филиал в г. Бирск;Очная;Бюджетная основа;Отдельная;1;0;0.0
Sp 44.03.05;Математика, Информатика (Бирск);Филиал в г. Бирск;Очная;Бюджетная основа;Целевая;3;3;1.0
Sp 44.03.05;Дошкольное образование. Начальное образование (Сибай);Филиал в г. Сибай;Заочная;Бюджетная основа;Общая;15;15;1.0
Sp 44.03.05;Дошкольное образование. Начальное образование (Сибай);Филиал в г. Сибай;Заочная;Бюджетная основа;Особая;2;0;0.0
Sp 44.03.05;Дошкольное образование. Начальное образование (Сибай);Филиал в г. Сибай;Заочная;Бюджетная основа;Отдельная;2;0;0.0
Sp 44.03.05;Дошкольное образование. Начальное образование (Сибай);Филиал в г. Сибай;Заочная;Бюджетная основа;Целевая;5;0;0.0
Sp 44.03.05;Русский язык, Литература (Стерлитамак);Филиал в г. Стерлитамак;Очная;Бюджетная основа;Общая;20;9;0.45
Sp 44.03.05;Русский язык, Литература (Стерлитамак);Филиал в г. Стерлитамак;Очная;Бюджетная основа;Особая;2;0;0.0
Sp 44.03.05;Русский язык, Литература (Стерлитамак);Филиал в г. Стерлитамак;Очная;Бюджетная основа;Отдельная;2;1;0.5
Sp 44.03.05;Русский язык, Литература (Стерлитамак);Филиал в г. Стерлитамак;Очная;Бюджетная основа;Целевая;6;6;1.0
Sp 44.03.05;Иностранный язык (английский), Иностранный язык (немецкий) (Стерлитамак);Филиал в г. Стерлитамак;Очная;Бюджетная основа;Общая;24;12;0.5
Sp 44.03.05;Иностранный язык (английский), Иностранный язык (немецкий) (Стерлитамак);Филиал в г. Стерлитамак;Очная;Бюджетная основа;Особая;3;1;0.3333333333333333
Sp 44.03.05;Иностранный язык (английский), Иностранный язык (немецкий) (Стерлитамак);Филиал в г. Стерлитамак;Очная;Бюджетная основа;Отдельная;3;0;0.0
Sp 44.03.05;Иностранный язык (английский), Иностранный язык (немецкий) (Стерлитамак);Филиал в г. Стерлитамак;Очная;Бюджетная основа;Целевая;7;7;1.0
Sp 44.03.05;История, Обществознание (Стерлитамак);Филиал в г. Стерлитамак;Очная;Бюджетная основа;Общая;22;10;0.45454545454545453
Sp 44.03.05;История, Обществознание (Стерлитамак);Филиал в г. Стерлитамак;Очная;Бюджетная основа;Особая;3;1;0.3333333333333333
Sp 44.03.05;История, Обществознание (Стерлитамак);Филиал в г. Стерлитамак;Очная;Бюджетная основа;Отдельная;3;1;0.3333333333333333
Sp 44.03.05;История, Обществознание (Стерлитамак);Филиал в г. Стерлитамак;Очная;Бюджетная основа;Целевая;7;7;1.0
Sp 44.03.05;Родной (башкирский) язык и литература, Иностранный язык (Стерлитамак);Филиал в г. Стерлитамак;Очная;Бюджетная основа;Общая;20;13;0.65
Sp 44.03.05;Родной (башкирский) язык и литература, Иностранный язык (Стерлитамак);Филиал в г. Стерлитамак;Очная;Бюджетная основа;Особая;2;2;1.0
Sp 44.03.05;Родной (башкирский) язык и литература, Иностранный язык (Стерлитамак);Филиал в г. Стерлитамак;Очная;Бюджетная основа;Отдельная;2;0;0.0
Sp 44.03.05;Родной (башкирский) язык и литература, Иностранный язык (Стерлитамак);Филиал в г. Стерлитамак;Очная;Бюджетная основа;Целевая;5;5;1.0
Sp 44.03.05;Начальное образование, Дошкольное образование (Стерлитамак);Филиал в г. Стерлитамак;Очная;Бюджетная основа;Общая;22;11;0.5
Sp 44.03.05;Начальное образование, Дошкольное образование (Стерлитамак);Филиал в г. Стерлитамак;Очная;Бюджетная основа;Особая;3;3;1.0
Sp 44.03.05;Начальное образование, Дошкольное образование (Стерлитамак);Филиал в г. Стерлитамак;Очная;Бюджетная основа;Отдельная;3;0;0.0
Sp 44.03.05;Начальное образование, Дошкольное образование (Стерлитамак);Филиал в г. Стерлитамак;Очная;Бюджетная основа;Целевая;7;6;0.8571428571428571
Sp 44.03.05;Математика, Информатика (Стерлитамак);Филиал в г. Стерлитамак;Очная;Бюджетная основа;Общая;20;6;0.3
Sp 44.03.05;Математика, Информатика (Стерлитамак);Филиал в г. Стерлитамак;Очная;Бюджетная основа;Особая;2;0;0.0
Sp 44.03.05;Математика, Информатика (Стерлитамак);Филиал в г. Стерлитамак;Очная;Бюджетная основа;Отдельная;2;0;0.0
Sp 44.03.05;Математика, Информатика (Стерлитамак);Филиал в г. Стерлитамак;Очная;Бюджетная основа;Целевая;6;6;1.0
Sp 44.03.05;Родной (татарский, чувашский) язык и литература, Иностранный язык (Стерлитамак);Филиал в г. Стерлитамак;Очная;Бюджетная основа;Общая;18;7;0.3888888888888889
Sp 44.03.05;Родной (татарский, чувашский) язык и литература, Иностранный язык (Стерлитамак);Филиал в г. Стерлитамак;Очная;Бюджетная основа;Особая;2;2;1.0
Sp 44.03.05;Родной (татарский, чувашский) язык и литература, Иностранный язык (Стерлитамак);Филиал в г. Стерлитамак;Очная;Бюджетная основа;Отдельная;2;0;0.0
Sp 44.03.05;Родной (татарский, чувашский) язык и литература, Иностранный язык (Стерлитамак);Филиал в г. Стерлитамак;Очная;Бюджетная основа;Целевая;5;2;0.4
Sp 44.03.05;Экономика, Управление в сфере образования (Стерлитамак);Филиал в г. Стерлитамак;Очная;Бюджетная основа;Общая;23;17;0.7391304347826086
Sp 44.03.05;Экономика, Управление в сфере образования (Стерлитамак);Филиал в г. Стерлитамак;Очная;Бюджетная основа;Особая;3;0;0.0
Sp 44.03.05;Экономика, Управление в сфере образования (Стерлитамак);Филиал в г. Стерлитамак;Очная;Бюджетная основа;Отдельная;3;0;0.0
Sp 44.03.05;Экономика, Управление в сфере образования (Стерлитамак);Филиал в г. Стерлитамак;Очная;Бюджетная основа;Целевая;7;7;1.0
Sp 44.03.05;Родной (башкирский) язык и литература, Русский язык (Стерлитамак);Филиал в г. Стерлитамак;Заочная;Бюджетная основа;Общая;18;9;0.5
Sp 44.03.05;Родной (башкирский) язык и литература, Русский язык (Стерлитамак);Филиал в г. Стерлитамак;Заочная;Бюджетная основа;Особая;2;0;0.0
Sp 44.03.05;Родной (башкирский) язык и литература, Русский язык (Стерлитамак);Филиал в г. Стерлитамак;Заочная;Бюджетная основа;Отдельная;2;1;0.5
Sp 44.03.05;Родной (башкирский) язык и литература, Русский язык (Стерлитамак);Филиал в г. Стерлитамак;Заочная;Бюджетная основа;Целевая;5;3;0.6
Sp 44.03.05;Физическая культура, Безопасность жизнедеятельности (Стерлитамак);Филиал в г. Стерлитамак;Заочная;Бюджетная основа;Общая;18;13;0.7222222222222222
Sp 44.03.05;Физическая культура, Безопасность жизнедеятельности (Стерлитамак);Филиал в г. Стерлитамак;Заочная;Бюджетная основа;Особая;2;1;0.5
Sp 44.03.05;Физическая культура, Безопасность жизнедеятельности (Стерлитамак);Филиал в г. Стерлитамак;Заочная;Бюджетная основа;Отдельная;2;0;0.0
Sp 44.03.05;Физическая культура, Безопасность жизнедеятельности (Стерлитамак);Филиал в г. Стерлитамак;Заочная;Бюджетная основа;Целевая;5;5;1.0
Sp 44.03.05;Технология. Информатика (Сибай);Филиал в г. Сибай;Очная;Бюджетная основа;Особая;2;0;0.0
Sp 44.03.05;Технология. Информатика (Сибай);Филиал в г. Сибай;Очная;Бюджетная основа;Целевая;6;0;0.0
Sp 44.03.05;Технология. Информатика (Сибай);Филиал в г. Сибай;Очная;Бюджетная основа;Отдельная;2;0;0.0
Sp 44.03.05;Технология. Информатика (Сибай);Филиал в г. Сибай;Очная;Бюджетная основа;Общая;20;16;0.8
Sp 44.04.01;Управление системами образования;УУНиТ;Заочная;Бюджетная основа;Общая;20;8;0.4
Sp 44.04.01;Русский язык как иностранный: лингвокультурология и лингводидактика;УУНиТ;Очная;Бюджетная основа;Общая;15;0;0.0
Sp 44.04.01;Цифровая филология в современном образовательном пространстве;УУНиТ;Заочная;Бюджетная основа;Общая;15;1;0.06666666666666667
Sp 44.04.01;Дизайн цифровой образовательной среды;УУНиТ;Заочная;Бюджетная основа;Общая;15;0;0.0
Sp 44.04.01;Историко-социальное образование (Стерлитамак);Филиал в г. Стерлитамак;Очная;Бюджетная основа;Общая;13;8;0.6153846153846154
Sp 44.04.01;Дизайн цифровой образовательной среды (Стерлитамак);Филиал в г. Стерлитамак;Очная;Бюджетная основа;Общая;13;13;1.0
Sp 44.04.01;Дизайн цифровой образовательной среды (Стерлитамак);Филиал в г. Стерлитамак;Очная;Бюджетная основа;Целевая;3;0;0.0
Sp 44.04.01;Историко-социальное образование (Стерлитамак);Филиал в г. Стерлитамак;Очная;Бюджетная основа;Целевая;3;3;1.0
Sp 44.04.01;Русский язык как иностранный: лингвокультурология и лингводидактика;УУНиТ;Очная;Бюджетная основа;Целевая;3;0;0.0
Sp 44.04.01;Управление системами образования;УУНиТ;Заочная;Бюджетная основа;Целевая;3;0;0.0
Sp 44.04.01;Дизайн цифровой образовательной среды;УУНиТ;Заочная;Бюджетная основа;Целевая;3;0;0.0
Sp 44.04.01;Цифровая филология в современном образовательном пространстве;УУНиТ;Заочная;Бюджетная основа;Целевая;3;0;0.0
Sp 44.04.02;Психолого-педагогическое образование (Стерлитамак);Филиал в г. Стерлитамак;Очная;Бюджетная основа;Общая;13;11;0.8461538461538461
Sp 44.04.02;Психолого-педагогическое образование (Стерлитамак);Филиал в г. Стерлитамак;Очная;Бюджетная основа;Целевая;3;1;0.3333333333333333
Sp 45.03.01;Отечественная и прикладная филология;УУНиТ;Очная;Бюджетная основа;Общая;11;11;1.0
Sp 45.03.01;Отечественная и прикладная филология;УУНиТ;Очная;Бюджетная основа;Особая;2;2;1.0
Sp 45.03.01;Отечественная и прикладная филология;УУНиТ;Очная;Бюджетная основа;Отдельная;2;0;0.0
Sp 45.03.01;Отечественная и прикладная филология;УУНиТ;Очная;Бюджетная основа;Целевая;1;0;0.0
Sp 45.03.01;Отечественная и прикладная филология;УУНиТ;Заочная;Бюджетная основа;Общая;11;4;0.36363636363636365
Sp 45.03.01;Отечественная и прикладная филология;УУНиТ;Заочная;Бюджетная основа;Особая;2;0;0.0
Sp 45.03.01;Отечественная и прикладная филология;УУНиТ;Заочная;Бюджетная основа;Отдельная;2;0;0.0
Sp 45.03.01;Отечественная и прикладная филология;УУНиТ;Заочная;Бюджетная основа;Целевая;1;0;0.0
Sp 45.03.01;Отечественная филология (башкирский язык и литература, английский язык);УУНиТ;Очная;Бюджетная основа;Общая;11;8;0.7272727272727273
Sp 45.03.01;Отечественная филология (башкирский язык и литература, английский язык);УУНиТ;Очная;Бюджетная основа;Особая;2;0;0.0
Sp 45.03.01;Отечественная филология (башкирский язык и литература, английский язык);УУНиТ;Очная;Бюджетная основа;Отдельная;2;0;0.0
Sp 45.03.01;Отечественная филология (башкирский язык и литература, английский язык);УУНиТ;Очная;Бюджетная основа;Целевая;1;0;0.0
Sp 45.03.02;Лингвистика;УУНиТ;Очная;Бюджетная основа;Общая;3;3;1.0
Sp 45.03.02;Лингвистика;УУНиТ;Очная;Бюджетная основа;Особая;1;0;0.0
Sp 45.03.02;Лингвистика;УУНиТ;Очная;Бюджетная основа;Отдельная;1;0;0.0
Sp 45.03.02;Лингвистика;УУНиТ;Очная;Бюджетная основа;Целевая;1;1;1.0
Sp 45.04.01;Тюркское языкознание: цифровые технологии;УУНиТ;Очная;Бюджетная основа;Общая;12;5;0.4166666666666667
Sp 45.04.01;Сравнительно-сопоставительное изучение разноструктурных языков;УУНиТ;Заочная;Бюджетная основа;Общая;14;7;0.5
Sp 45.04.01;Теория и практика перевода и межкультурная коммуникация;УУНиТ;Очная;Бюджетная основа;Общая;10;6;0.6
Sp 45.04.01;Романо-германская филология. Типология генетически родственных и неродственных языков;УУНиТ;Очно-заочная;Бюджетная основа;Общая;10;2;0.2
Sp 45.04.01;Русский язык/Язык СМИ и рекламы/Совремменные парадигмы изучения русской и зарубежной литературы;УУНиТ;Очная;Бюджетная основа;Общая;18;14;0.7777777777777778
Sp 45.04.01;Русский язык/Язык СМИ и рекламы/Совремменные парадигмы изучения русской и зарубежной литературы;УУНиТ;Заочная;Бюджетная основа;Общая;15;2;0.13333333333333333
Sp 45.04.02;Лингвистика;УУНиТ;Очная;Бюджетная основа;Общая;8;3;0.375
Sp 45.04.02;Лингвистика;УУНиТ;Очная;Бюджетная основа;Целевая;1;0;0.0
Sp 45.04.03;Фундаментальная и прикладная лингвистика;УУНиТ;Очно-заочная;Бюджетная основа;Общая;5;5;1.0
Sp 45.05.01;Перевод и переводоведение;УУНиТ;Очная;Бюджетная основа;Общая;11;11;1.0
Sp 45.05.01;Перевод и переводоведение;УУНиТ;Очная;Бюджетная основа;Особая;2;0;0.0
Sp 45.05.01;Перевод и переводоведение;УУНиТ;Очная;Бюджетная основа;Отдельная;2;1;0.5
Sp 45.05.01;Перевод и переводоведение;УУНиТ;Очная;Бюджетная основа;Целевая;2;2;1.0
Sp 46.03.01;История;УУНиТ;Очная;Бюджетная основа;Общая;29;15;0.5172413793103449
Sp 46.03.01;История;УУНиТ;Очная;Бюджетная основа;Особая;3;0;0.0
Sp 46.03.01;История;УУНиТ;Очная;Бюджетная основа;Отдельная;3;1;0.3333333333333333
Sp 46.03.01;История;УУНиТ;Очная;Бюджетная основа;Целевая;6;4;0.6666666666666666
Sp 46.04.01;История;УУНиТ;Очная;Бюджетная основа;Общая;15;15;1.0
Sp 46.04.01;История;УУНиТ;Заочная;Бюджетная основа;Общая;15;1;0.06666666666666667
Sp 46.04.01;История;УУНиТ;Очная;Бюджетная основа;Целевая;1;0;0.0
Sp 46.04.01;История;УУНиТ;Заочная;Бюджетная основа;Целевая;1;0;0.0
Sp 49.03.02;Физическая культура для лиц с отклонениями в состоянии здоровья (адаптивная физическая культура) (Стерлитамак);Филиал в г. Стерлитамак;Заочная;Бюджетная основа;Общая;7;7;1.0
Sp 49.03.02;Физическая культура для лиц с отклонениями в состоянии здоровья (адаптивная физическая культура) (Стерлитамак);Филиал в г. Стерлитамак;Заочная;Бюджетная основа;Особая;1;1;1.0
Sp 49.03.02;Физическая культура для лиц с отклонениями в состоянии здоровья (адаптивная физическая культура) (Стерлитамак);Филиал в г. Стерлитамак;Заочная;Бюджетная основа;Отдельная;1;1;1.0
Sp 49.03.02;Физическая культура для лиц с отклонениями в состоянии здоровья (адаптивная физическая культура) (Стерлитамак);Филиал в г. Стерлитамак;Заочная;Бюджетная основа;Целевая;1;0;0.0
Sp 51.03.01;Культурология;УУНиТ;Очная;Бюджетная основа;Общая;25;5;0.2
Sp 51.03.01;Культурология;УУНиТ;Очная;Бюджетная основа;Особая;3;0;0.0
Sp 51.03.01;Культурология;УУНиТ;Очная;Бюджетная основа;Отдельная;3;0;0.0
Sp 51.03.01;Культурология;УУНиТ;Очная;Бюджетная основа;Целевая;3;1;0.3333333333333333
Sp 51.03.03;Социально-культурная деятельность (Бирск);Филиал в г. Бирск;Заочная;Бюджетная основа;Общая;2;2;1.0
Sp 51.03.03;Социально-культурная деятельность (Бирск);Филиал в г. Бирск;Заочная;Бюджетная основа;Особая;0;0;0
Sp 51.03.03;Социально-культурная деятельность (Бирск);Филиал в г. Бирск;Заочная;Бюджетная основа;Целевая;1;0;0.0
Sp 51.03.03;Социально-культурная деятельность;УУНиТ;Заочная;Бюджетная основа;Общая;5;3;0.6
Sp 51.03.03;Социально-культурная деятельность;УУНиТ;Заочная;Бюджетная основа;Особая;1;0;0.0
Sp 51.03.03;Социально-культурная деятельность;УУНиТ;Заочная;Бюджетная основа;Отдельная;1;0;0.0
Sp 51.03.03;Социально-культурная деятельность;УУНиТ;Заочная;Бюджетная основа;Целевая;3;0;0.0
Sp 51.03.03;Социально-культурная деятельность (Бирск);Филиал в г. Бирск;Заочная;Бюджетная основа;Отдельная;0;0;0
Sp 51.03.03;Социально-культурная деятельность (Бирск);Филиал в г. Бирск;Заочная;Бюджетная основа;Общая;2;0;0.0
Sp 58.03.01;Языки стран Азии и Африки (китайский язык);УУНиТ;Очная;Бюджетная основа;Общая;4;4;1.0
Sp 58.03.01;Языки стран Азии и Африки (китайский язык);УУНиТ;Очная;Бюджетная основа;Особая;1;1;1.0
Sp 58.03.01;Языки стран Азии и Африки (китайский язык);УУНиТ;Очная;Бюджетная основа;Целевая;1;1;1.0
Sp 58.03.01;Языки стран Азии и Африки (корейский язык);УУНиТ;Очная;Бюджетная основа;Общая;4;4;1.0
Sp 58.03.01;Языки стран Азии и Африки (корейский язык);УУНиТ;Очная;Бюджетная основа;Особая;1;1;1.0
Sp 58.03.01;Языки стран Азии и Африки (китайский язык);УУНиТ;Очная;Бюджетная основа;Отдельная;1;0;0.0
Sp 58.03.01;Языки стран Азии и Африки (корейский язык);УУНиТ;Очная;Бюджетная основа;Отдельная;1;0;0.0
